image_id,cluster
3,cluster_LynxID2025_1
5,cluster_LynxID2025_12
12,cluster_LynxID2025_15
13,cluster_LynxID2025_4
18,cluster_LynxID2025_0
19,cluster_LynxID2025_2
27,cluster_LynxID2025_10
33,cluster_LynxID2025_16
36,cluster_LynxID2025_12
45,cluster_LynxID2025_6
46,cluster_LynxID2025_4
47,cluster_LynxID2025_1
48,cluster_LynxID2025_9
49,cluster_LynxID2025_1
55,cluster_LynxID2025_4
58,cluster_LynxID2025_9
61,cluster_LynxID2025_czechreal_lynx_234
62,cluster_LynxID2025_7
63,cluster_LynxID2025_15
64,cluster_LynxID2025_1
65,cluster_LynxID2025_13
67,cluster_LynxID2025_12
68,cluster_LynxID2025_16
74,cluster_LynxID2025_15
81,cluster_LynxID2025_15
84,cluster_LynxID2025_9
85,cluster_LynxID2025_12
86,cluster_LynxID2025_16
89,cluster_LynxID2025_10
90,cluster_LynxID2025_9
94,cluster_LynxID2025_14
97,cluster_LynxID2025_16
98,cluster_LynxID2025_4
106,cluster_LynxID2025_1
113,cluster_LynxID2025_12
123,cluster_LynxID2025_czechreal_lynx_287
124,cluster_LynxID2025_16
126,cluster_LynxID2025_16
131,cluster_LynxID2025_1
137,cluster_LynxID2025_16
139,cluster_LynxID2025_9
145,cluster_LynxID2025_4
150,cluster_LynxID2025_1
163,cluster_LynxID2025_15
166,cluster_LynxID2025_9
167,cluster_LynxID2025_15
168,cluster_LynxID2025_1
171,cluster_LynxID2025_16
173,cluster_LynxID2025_1
182,cluster_LynxID2025_12
183,cluster_LynxID2025_16
186,cluster_LynxID2025_4
188,cluster_LynxID2025_czechreal_lynx_234
190,cluster_LynxID2025_16
192,cluster_LynxID2025_1
195,cluster_LynxID2025_6
202,cluster_LynxID2025_10
203,cluster_LynxID2025_1
205,cluster_LynxID2025_1
209,cluster_LynxID2025_16
210,cluster_LynxID2025_16
213,cluster_LynxID2025_5
216,cluster_LynxID2025_10
219,cluster_LynxID2025_15
221,cluster_LynxID2025_4
228,cluster_LynxID2025_0
231,cluster_LynxID2025_16
240,cluster_LynxID2025_1
242,cluster_LynxID2025_12
245,cluster_LynxID2025_16
264,cluster_LynxID2025_4
266,cluster_LynxID2025_12
273,cluster_LynxID2025_12
276,cluster_LynxID2025_1
280,cluster_LynxID2025_15
282,cluster_LynxID2025_16
286,cluster_LynxID2025_12
289,cluster_LynxID2025_1
293,cluster_LynxID2025_16
294,cluster_LynxID2025_1
296,cluster_LynxID2025_1
311,cluster_LynxID2025_12
312,cluster_LynxID2025_6
315,cluster_LynxID2025_1
338,cluster_LynxID2025_1
347,cluster_LynxID2025_1
357,cluster_LynxID2025_0
359,cluster_LynxID2025_15
361,cluster_LynxID2025_12
366,cluster_LynxID2025_9
368,cluster_LynxID2025_4
373,cluster_LynxID2025_12
375,cluster_LynxID2025_6
378,cluster_LynxID2025_16
380,cluster_LynxID2025_10
397,cluster_LynxID2025_1
411,cluster_LynxID2025_9
415,cluster_LynxID2025_1
422,cluster_LynxID2025_4
423,cluster_LynxID2025_4
424,cluster_LynxID2025_15
427,cluster_LynxID2025_1
429,cluster_LynxID2025_1
431,cluster_LynxID2025_16
432,cluster_LynxID2025_17
437,cluster_LynxID2025_17
439,cluster_LynxID2025_9
443,cluster_LynxID2025_4
454,cluster_LynxID2025_9
459,cluster_LynxID2025_0
465,cluster_LynxID2025_0
469,cluster_LynxID2025_0
470,cluster_LynxID2025_15
474,cluster_LynxID2025_15
475,cluster_LynxID2025_16
478,cluster_LynxID2025_12
479,cluster_LynxID2025_1
480,cluster_LynxID2025_0
481,cluster_LynxID2025_8
482,cluster_LynxID2025_1
491,cluster_LynxID2025_12
494,cluster_LynxID2025_9
500,cluster_LynxID2025_9
501,cluster_LynxID2025_12
507,cluster_LynxID2025_9
509,cluster_LynxID2025_15
512,cluster_LynxID2025_1
515,cluster_LynxID2025_4
516,cluster_LynxID2025_1
519,cluster_LynxID2025_0
520,cluster_LynxID2025_1
522,cluster_LynxID2025_9
524,cluster_LynxID2025_18
526,cluster_LynxID2025_16
530,cluster_LynxID2025_15
537,cluster_LynxID2025_4
544,cluster_LynxID2025_15
547,cluster_LynxID2025_4
549,cluster_LynxID2025_16
551,cluster_LynxID2025_10
552,cluster_LynxID2025_16
555,cluster_LynxID2025_9
559,cluster_LynxID2025_1
562,cluster_LynxID2025_0
565,cluster_LynxID2025_1
567,cluster_LynxID2025_12
569,cluster_LynxID2025_9
570,cluster_LynxID2025_16
573,cluster_LynxID2025_15
577,cluster_LynxID2025_4
578,cluster_LynxID2025_15
579,cluster_LynxID2025_0
580,cluster_LynxID2025_16
583,cluster_LynxID2025_15
584,cluster_LynxID2025_1
588,cluster_LynxID2025_1
589,cluster_LynxID2025_1
591,cluster_LynxID2025_1
592,cluster_LynxID2025_0
594,cluster_LynxID2025_16
595,cluster_LynxID2025_1
599,cluster_LynxID2025_12
602,cluster_LynxID2025_12
603,cluster_LynxID2025_1
611,cluster_LynxID2025_1
620,cluster_LynxID2025_16
625,cluster_LynxID2025_15
626,cluster_LynxID2025_5
628,cluster_LynxID2025_1
630,cluster_LynxID2025_4
636,cluster_LynxID2025_1
643,cluster_LynxID2025_4
645,cluster_LynxID2025_15
648,cluster_LynxID2025_12
649,cluster_LynxID2025_15
651,cluster_LynxID2025_1
655,cluster_LynxID2025_8
656,cluster_LynxID2025_4
662,cluster_LynxID2025_4
669,cluster_LynxID2025_15
670,cluster_LynxID2025_9
672,cluster_LynxID2025_8
673,cluster_LynxID2025_1
676,cluster_LynxID2025_4
678,cluster_LynxID2025_0
683,cluster_LynxID2025_16
685,cluster_LynxID2025_4
690,cluster_LynxID2025_1
694,cluster_LynxID2025_4
699,cluster_LynxID2025_15
704,cluster_LynxID2025_16
707,cluster_LynxID2025_9
711,cluster_LynxID2025_1
712,cluster_LynxID2025_16
713,cluster_LynxID2025_1
715,cluster_LynxID2025_1
719,cluster_LynxID2025_15
722,cluster_LynxID2025_4
724,cluster_LynxID2025_6
726,cluster_LynxID2025_1
730,cluster_LynxID2025_12
734,cluster_LynxID2025_18
735,cluster_LynxID2025_8
738,cluster_LynxID2025_15
739,cluster_LynxID2025_12
741,cluster_LynxID2025_1
749,cluster_LynxID2025_15
750,cluster_LynxID2025_1
751,cluster_LynxID2025_1
753,cluster_LynxID2025_1
760,cluster_LynxID2025_1
761,cluster_LynxID2025_9
764,cluster_LynxID2025_1
766,cluster_LynxID2025_12
770,cluster_LynxID2025_1
776,cluster_LynxID2025_5
781,cluster_LynxID2025_12
782,cluster_LynxID2025_15
784,cluster_LynxID2025_4
786,cluster_LynxID2025_1
787,cluster_LynxID2025_12
790,cluster_LynxID2025_15
791,cluster_LynxID2025_12
793,cluster_LynxID2025_1
794,cluster_LynxID2025_9
795,cluster_LynxID2025_9
797,cluster_LynxID2025_15
798,cluster_LynxID2025_15
800,cluster_LynxID2025_1
804,cluster_LynxID2025_1
808,cluster_LynxID2025_15
817,cluster_LynxID2025_17
819,cluster_LynxID2025_12
824,cluster_LynxID2025_4
840,cluster_LynxID2025_1
849,cluster_LynxID2025_16
855,cluster_LynxID2025_1
859,cluster_LynxID2025_4
865,cluster_LynxID2025_16
871,cluster_LynxID2025_1
872,cluster_LynxID2025_4
874,cluster_LynxID2025_1
881,cluster_LynxID2025_16
886,cluster_LynxID2025_4
887,cluster_LynxID2025_16
893,cluster_LynxID2025_0
897,cluster_LynxID2025_16
904,cluster_LynxID2025_16
907,cluster_LynxID2025_12
915,cluster_LynxID2025_9
917,cluster_LynxID2025_16
920,cluster_LynxID2025_1
939,cluster_LynxID2025_12
941,cluster_LynxID2025_1
945,cluster_LynxID2025_15
951,cluster_LynxID2025_12
962,cluster_LynxID2025_4
963,cluster_LynxID2025_12
964,cluster_LynxID2025_12
969,cluster_LynxID2025_16
980,cluster_LynxID2025_16
983,cluster_LynxID2025_1
985,cluster_LynxID2025_12
990,cluster_LynxID2025_9
991,cluster_LynxID2025_1
992,cluster_LynxID2025_9
994,cluster_LynxID2025_1
995,cluster_LynxID2025_0
1000,cluster_LynxID2025_3
1001,cluster_LynxID2025_16
1005,cluster_LynxID2025_12
1006,cluster_LynxID2025_9
1008,cluster_LynxID2025_15
1011,cluster_LynxID2025_4
1012,cluster_LynxID2025_1
1013,cluster_LynxID2025_10
1019,cluster_LynxID2025_4
1021,cluster_LynxID2025_4
1031,cluster_LynxID2025_16
1034,cluster_LynxID2025_4
1039,cluster_LynxID2025_16
1042,cluster_LynxID2025_1
1045,cluster_LynxID2025_1
1046,cluster_LynxID2025_1
1047,cluster_LynxID2025_12
1048,cluster_LynxID2025_12
1053,cluster_LynxID2025_15
1055,cluster_LynxID2025_18
1057,cluster_LynxID2025_1
1060,cluster_LynxID2025_15
1064,cluster_LynxID2025_12
1065,cluster_LynxID2025_1
1068,cluster_LynxID2025_0
1069,cluster_LynxID2025_11
1071,cluster_LynxID2025_1
1075,cluster_LynxID2025_12
1089,cluster_LynxID2025_1
1090,cluster_LynxID2025_12
1094,cluster_LynxID2025_4
1095,cluster_LynxID2025_1
1096,cluster_LynxID2025_15
1107,cluster_LynxID2025_18
1108,cluster_LynxID2025_1
1111,cluster_LynxID2025_15
1115,cluster_LynxID2025_16
1119,cluster_LynxID2025_12
1120,cluster_LynxID2025_4
1122,cluster_LynxID2025_15
1131,cluster_LynxID2025_16
1135,cluster_LynxID2025_17
1137,cluster_LynxID2025_1
1139,cluster_LynxID2025_1
1143,cluster_LynxID2025_0
1147,cluster_LynxID2025_15
1153,cluster_LynxID2025_4
1154,cluster_LynxID2025_9
1162,cluster_LynxID2025_12
1163,cluster_LynxID2025_1
1164,cluster_LynxID2025_1
1175,cluster_LynxID2025_15
1182,cluster_LynxID2025_10
1191,cluster_LynxID2025_4
1192,cluster_LynxID2025_4
1197,cluster_LynxID2025_4
1198,cluster_LynxID2025_4
1203,cluster_LynxID2025_18
1205,cluster_LynxID2025_9
1207,cluster_LynxID2025_15
1209,cluster_LynxID2025_15
1211,cluster_LynxID2025_12
1213,cluster_LynxID2025_12
1214,cluster_LynxID2025_1
1221,cluster_LynxID2025_4
1223,cluster_LynxID2025_15
1225,cluster_LynxID2025_4
1232,cluster_LynxID2025_4
1233,cluster_LynxID2025_1
1234,cluster_LynxID2025_1
1235,cluster_LynxID2025_9
1237,cluster_LynxID2025_15
1245,cluster_LynxID2025_1
1247,cluster_LynxID2025_1
1248,cluster_LynxID2025_11
1249,cluster_LynxID2025_1
1255,cluster_LynxID2025_15
1259,cluster_LynxID2025_4
1264,cluster_LynxID2025_16
1266,cluster_LynxID2025_1
1267,cluster_LynxID2025_1
1270,cluster_LynxID2025_16
1271,cluster_LynxID2025_1
1277,cluster_LynxID2025_15
1278,cluster_LynxID2025_12
1280,cluster_LynxID2025_12
1288,cluster_LynxID2025_1
1297,cluster_LynxID2025_15
1309,cluster_LynxID2025_4
1311,cluster_LynxID2025_4
1313,cluster_LynxID2025_1
1318,cluster_LynxID2025_16
1322,cluster_LynxID2025_15
1325,cluster_LynxID2025_12
1330,cluster_LynxID2025_16
1335,cluster_LynxID2025_15
1343,cluster_LynxID2025_4
1345,cluster_LynxID2025_0
1349,cluster_LynxID2025_1
1351,cluster_LynxID2025_15
1353,cluster_LynxID2025_1
1363,cluster_LynxID2025_4
1367,cluster_LynxID2025_1
1368,cluster_LynxID2025_1
1370,cluster_LynxID2025_1
1371,cluster_LynxID2025_1
1375,cluster_LynxID2025_1
1385,cluster_LynxID2025_1
1388,cluster_LynxID2025_12
1392,cluster_LynxID2025_1
1394,cluster_LynxID2025_1
1399,cluster_LynxID2025_12
1403,cluster_LynxID2025_15
1406,cluster_LynxID2025_1
1410,cluster_LynxID2025_15
1413,cluster_LynxID2025_1
1416,cluster_LynxID2025_15
1421,cluster_LynxID2025_1
1425,cluster_LynxID2025_12
1427,cluster_LynxID2025_4
1428,cluster_LynxID2025_4
1431,cluster_LynxID2025_1
1432,cluster_LynxID2025_1
1433,cluster_LynxID2025_4
1439,cluster_LynxID2025_15
1441,cluster_LynxID2025_15
1444,cluster_LynxID2025_0
1447,cluster_LynxID2025_9
1453,cluster_LynxID2025_12
1454,cluster_LynxID2025_15
1455,cluster_LynxID2025_5
1457,cluster_LynxID2025_15
1465,cluster_LynxID2025_6
1466,cluster_LynxID2025_1
1474,cluster_LynxID2025_4
1475,cluster_LynxID2025_1
1491,cluster_LynxID2025_4
1492,cluster_LynxID2025_1
1493,cluster_LynxID2025_9
1494,cluster_LynxID2025_4
1504,cluster_LynxID2025_16
1509,cluster_LynxID2025_15
1513,cluster_LynxID2025_1
1525,cluster_LynxID2025_4
1526,cluster_LynxID2025_15
1527,cluster_LynxID2025_4
1538,cluster_LynxID2025_4
1539,cluster_LynxID2025_1
1541,cluster_LynxID2025_16
1545,cluster_LynxID2025_1
1546,cluster_LynxID2025_17
1547,cluster_LynxID2025_16
1550,cluster_LynxID2025_16
1557,cluster_LynxID2025_1
1559,cluster_LynxID2025_13
1566,cluster_LynxID2025_1
1573,cluster_LynxID2025_1
1574,cluster_LynxID2025_4
1575,cluster_LynxID2025_4
1578,cluster_LynxID2025_9
1580,cluster_LynxID2025_16
1583,cluster_LynxID2025_1
1585,cluster_LynxID2025_6
1586,cluster_LynxID2025_16
1588,cluster_LynxID2025_10
1592,cluster_LynxID2025_16
1594,cluster_LynxID2025_18
1596,cluster_LynxID2025_6
1600,cluster_LynxID2025_4
1607,cluster_LynxID2025_9
1610,cluster_LynxID2025_1
1612,cluster_LynxID2025_12
1615,cluster_LynxID2025_12
1616,cluster_LynxID2025_12
1619,cluster_LynxID2025_4
1621,cluster_LynxID2025_1
1625,cluster_LynxID2025_1
1628,cluster_LynxID2025_1
1631,cluster_LynxID2025_4
1632,cluster_LynxID2025_16
1641,cluster_LynxID2025_1
1643,cluster_LynxID2025_4
1651,cluster_LynxID2025_16
1652,cluster_LynxID2025_12
1659,cluster_LynxID2025_12
1660,cluster_LynxID2025_1
1666,cluster_LynxID2025_16
1673,cluster_LynxID2025_15
1674,cluster_LynxID2025_1
1681,cluster_LynxID2025_1
1684,cluster_LynxID2025_4
1688,cluster_LynxID2025_1
1689,cluster_LynxID2025_4
1694,cluster_LynxID2025_1
1701,cluster_LynxID2025_15
1704,cluster_LynxID2025_12
1714,cluster_LynxID2025_12
1725,cluster_LynxID2025_15
1726,cluster_LynxID2025_10
1728,cluster_LynxID2025_6
1735,cluster_LynxID2025_12
1743,cluster_LynxID2025_1
1744,cluster_LynxID2025_4
1749,cluster_LynxID2025_12
1759,cluster_LynxID2025_1
1774,cluster_LynxID2025_12
1776,cluster_LynxID2025_9
1777,cluster_LynxID2025_1
1790,cluster_LynxID2025_4
1795,cluster_LynxID2025_16
1804,cluster_LynxID2025_1
1806,cluster_LynxID2025_1
1812,cluster_LynxID2025_15
1818,cluster_LynxID2025_1
1820,cluster_LynxID2025_1
1823,cluster_LynxID2025_1
1829,cluster_LynxID2025_12
1834,cluster_LynxID2025_15
1835,cluster_LynxID2025_15
1836,cluster_LynxID2025_1
1840,cluster_LynxID2025_1
1843,cluster_LynxID2025_12
1854,cluster_LynxID2025_9
1861,cluster_LynxID2025_1
1867,cluster_LynxID2025_1
1869,cluster_LynxID2025_4
1870,cluster_LynxID2025_17
1871,cluster_LynxID2025_9
1873,cluster_LynxID2025_18
1874,cluster_LynxID2025_1
1878,cluster_LynxID2025_12
1892,cluster_LynxID2025_16
1894,cluster_LynxID2025_11
1897,cluster_LynxID2025_4
1899,cluster_LynxID2025_16
1901,cluster_LynxID2025_15
1903,cluster_LynxID2025_15
1913,cluster_LynxID2025_9
1917,cluster_LynxID2025_16
1921,cluster_LynxID2025_18
1923,cluster_LynxID2025_15
1925,cluster_LynxID2025_15
1930,cluster_LynxID2025_12
1935,cluster_LynxID2025_12
1936,cluster_LynxID2025_12
1937,cluster_LynxID2025_16
1939,cluster_LynxID2025_1
1941,cluster_LynxID2025_4
1943,cluster_LynxID2025_12
1945,cluster_LynxID2025_1
1951,cluster_LynxID2025_1
1955,cluster_LynxID2025_10
1957,cluster_LynxID2025_4
1961,cluster_LynxID2025_16
1965,cluster_LynxID2025_1
1969,cluster_LynxID2025_4
1971,cluster_LynxID2025_1
1975,cluster_LynxID2025_3
1981,cluster_LynxID2025_10
1985,cluster_LynxID2025_16
1991,cluster_LynxID2025_16
2005,cluster_LynxID2025_9
2007,cluster_LynxID2025_15
2008,cluster_LynxID2025_1
2014,cluster_LynxID2025_4
2029,cluster_LynxID2025_16
2030,cluster_LynxID2025_16
2035,cluster_LynxID2025_1
2037,cluster_LynxID2025_4
2038,cluster_LynxID2025_15
2040,cluster_LynxID2025_1
2044,cluster_LynxID2025_0
2049,cluster_LynxID2025_9
2057,cluster_LynxID2025_16
2058,cluster_LynxID2025_1
2078,cluster_LynxID2025_4
2079,cluster_LynxID2025_1
2081,cluster_LynxID2025_18
2082,cluster_LynxID2025_1
2086,cluster_LynxID2025_4
2090,cluster_LynxID2025_4
2091,cluster_LynxID2025_15
2105,cluster_LynxID2025_16
2106,cluster_LynxID2025_9
2107,cluster_LynxID2025_1
2110,cluster_LynxID2025_4
2117,cluster_LynxID2025_4
2118,cluster_LynxID2025_4
2119,cluster_LynxID2025_12
2124,cluster_LynxID2025_0
2127,cluster_LynxID2025_15
2129,cluster_LynxID2025_15
2136,cluster_LynxID2025_16
2137,cluster_LynxID2025_12
2144,cluster_LynxID2025_8
2146,cluster_LynxID2025_15
2151,cluster_LynxID2025_9
2161,cluster_LynxID2025_1
2164,cluster_LynxID2025_9
2166,cluster_LynxID2025_15
2169,cluster_LynxID2025_16
2170,cluster_LynxID2025_9
2174,cluster_LynxID2025_16
2178,cluster_LynxID2025_9
2184,cluster_LynxID2025_18
2190,cluster_LynxID2025_1
2196,cluster_LynxID2025_1
2198,cluster_LynxID2025_1
2200,cluster_LynxID2025_15
2205,cluster_LynxID2025_15
2207,cluster_LynxID2025_0
2208,cluster_LynxID2025_15
2219,cluster_LynxID2025_0
2220,cluster_LynxID2025_1
2222,cluster_LynxID2025_0
2226,cluster_LynxID2025_10
2228,cluster_LynxID2025_0
2231,cluster_LynxID2025_1
2232,cluster_LynxID2025_0
2235,cluster_LynxID2025_4
2246,cluster_LynxID2025_1
2248,cluster_LynxID2025_9
2257,cluster_LynxID2025_1
2265,cluster_LynxID2025_10
2268,cluster_LynxID2025_1
2272,cluster_LynxID2025_1
2283,cluster_LynxID2025_0
2290,cluster_LynxID2025_1
2292,cluster_LynxID2025_9
2293,cluster_LynxID2025_1
2294,cluster_LynxID2025_1
2301,cluster_LynxID2025_15
2303,cluster_LynxID2025_1
2307,cluster_LynxID2025_1
2313,cluster_LynxID2025_12
2320,cluster_LynxID2025_6
2322,cluster_LynxID2025_0
2324,cluster_LynxID2025_4
2326,cluster_LynxID2025_1
2330,cluster_LynxID2025_1
2336,cluster_LynxID2025_15
2338,cluster_LynxID2025_9
2343,cluster_LynxID2025_1
2369,cluster_LynxID2025_12
2375,cluster_LynxID2025_12
2379,cluster_LynxID2025_6
2385,cluster_LynxID2025_4
2388,cluster_LynxID2025_4
2389,cluster_LynxID2025_1
2390,cluster_LynxID2025_9
2399,cluster_LynxID2025_9
2403,cluster_LynxID2025_0
2404,cluster_LynxID2025_15
2406,cluster_LynxID2025_15
2408,cluster_LynxID2025_6
2409,cluster_LynxID2025_4
2411,cluster_LynxID2025_12
2426,cluster_LynxID2025_4
2435,cluster_LynxID2025_1
2437,cluster_LynxID2025_0
2441,cluster_LynxID2025_7
2469,cluster_LynxID2025_7
2472,cluster_LynxID2025_12
2473,cluster_LynxID2025_10
2477,cluster_LynxID2025_4
2478,cluster_LynxID2025_16
2487,cluster_LynxID2025_16
2491,cluster_LynxID2025_4
2495,cluster_LynxID2025_1
2496,cluster_LynxID2025_4
2501,cluster_LynxID2025_15
2511,cluster_LynxID2025_4
2512,cluster_LynxID2025_1
2518,cluster_LynxID2025_15
2525,cluster_LynxID2025_18
2527,cluster_LynxID2025_15
2529,cluster_LynxID2025_12
2530,cluster_LynxID2025_9
2534,cluster_LynxID2025_15
2544,cluster_LynxID2025_1
2545,cluster_LynxID2025_17
2546,cluster_LynxID2025_1
2549,cluster_LynxID2025_12
2552,cluster_LynxID2025_4
2554,cluster_LynxID2025_15
2555,cluster_LynxID2025_1
2562,cluster_LynxID2025_4
2564,cluster_LynxID2025_4
2580,cluster_LynxID2025_1
2591,cluster_LynxID2025_czechreal_lynx_234
2592,cluster_LynxID2025_15
2601,cluster_LynxID2025_15
2606,cluster_LynxID2025_4
2613,cluster_LynxID2025_4
2625,cluster_LynxID2025_15
2626,cluster_LynxID2025_18
2631,cluster_LynxID2025_1
2638,cluster_LynxID2025_15
2643,cluster_LynxID2025_0
2644,cluster_LynxID2025_1
2648,cluster_LynxID2025_4
2654,cluster_LynxID2025_16
2655,cluster_LynxID2025_1
2657,cluster_LynxID2025_15
2687,cluster_LynxID2025_15
2689,cluster_LynxID2025_12
2705,cluster_LynxID2025_12
2706,cluster_LynxID2025_15
2709,cluster_LynxID2025_1
2713,cluster_LynxID2025_12
2718,cluster_LynxID2025_15
2721,cluster_LynxID2025_1
2724,cluster_LynxID2025_4
2725,cluster_LynxID2025_1
2726,cluster_LynxID2025_1
2731,cluster_LynxID2025_15
2733,cluster_LynxID2025_1
2734,cluster_LynxID2025_9
2744,cluster_LynxID2025_15
2754,cluster_LynxID2025_1
2758,cluster_LynxID2025_4
2759,cluster_LynxID2025_1
2760,cluster_LynxID2025_1
2770,cluster_LynxID2025_1
2787,cluster_LynxID2025_11
2789,cluster_LynxID2025_10
2790,cluster_LynxID2025_1
2794,cluster_LynxID2025_12
2797,cluster_LynxID2025_15
2801,cluster_LynxID2025_9
2803,cluster_LynxID2025_1
2807,cluster_LynxID2025_1
2811,cluster_LynxID2025_12
2812,cluster_LynxID2025_4
2823,cluster_LynxID2025_1
2829,cluster_LynxID2025_1
2831,cluster_LynxID2025_1
2834,cluster_LynxID2025_12
2840,cluster_LynxID2025_12
2841,cluster_LynxID2025_4
2844,cluster_LynxID2025_15
2845,cluster_LynxID2025_16
2846,cluster_LynxID2025_15
2847,cluster_LynxID2025_4
2848,cluster_LynxID2025_15
2851,cluster_LynxID2025_9
2865,cluster_LynxID2025_15
2871,cluster_LynxID2025_1
2873,cluster_LynxID2025_15
2876,cluster_LynxID2025_15
2889,cluster_LynxID2025_4
2893,cluster_LynxID2025_1
2894,cluster_LynxID2025_10
2896,cluster_LynxID2025_9
2914,cluster_LynxID2025_9
2920,cluster_LynxID2025_15
2921,cluster_LynxID2025_1
2933,cluster_LynxID2025_4
2934,cluster_LynxID2025_16
2942,cluster_LynxID2025_15
2948,cluster_LynxID2025_9
2949,cluster_LynxID2025_0
2951,cluster_LynxID2025_9
2952,cluster_LynxID2025_4
2957,cluster_LynxID2025_1
2961,cluster_LynxID2025_6
2963,cluster_LynxID2025_16
2968,cluster_LynxID2025_1
2973,cluster_LynxID2025_1
2976,cluster_LynxID2025_9
2978,cluster_LynxID2025_4
2981,cluster_LynxID2025_5
2985,cluster_LynxID2025_12
2999,cluster_LynxID2025_0
3001,cluster_LynxID2025_0
3003,cluster_LynxID2025_15
3007,cluster_LynxID2025_1
3013,cluster_LynxID2025_15
3014,cluster_LynxID2025_0
3018,cluster_LynxID2025_15
3020,cluster_LynxID2025_1
3021,cluster_LynxID2025_9
3027,cluster_LynxID2025_16
3029,cluster_LynxID2025_1
3032,cluster_LynxID2025_1
3034,cluster_LynxID2025_16
3035,cluster_LynxID2025_7
3036,cluster_LynxID2025_1
3037,cluster_LynxID2025_1
3038,cluster_LynxID2025_15
3045,cluster_LynxID2025_4
3046,cluster_LynxID2025_1
3055,cluster_LynxID2025_1
3059,cluster_LynxID2025_12
3069,cluster_LynxID2025_16
3074,cluster_LynxID2025_1
3086,cluster_LynxID2025_16
3090,cluster_LynxID2025_4
3091,cluster_LynxID2025_6
3097,cluster_LynxID2025_4
3099,cluster_LynxID2025_1
3106,cluster_LynxID2025_1
3108,cluster_LynxID2025_12
3111,cluster_LynxID2025_10
3116,cluster_LynxID2025_1
3118,cluster_LynxID2025_1
3130,cluster_LynxID2025_15
3133,cluster_LynxID2025_1
3138,cluster_LynxID2025_1
3142,cluster_LynxID2025_4
3144,cluster_LynxID2025_1
3153,cluster_LynxID2025_12
3155,cluster_LynxID2025_12
3156,cluster_LynxID2025_15
3157,cluster_LynxID2025_16
3167,cluster_LynxID2025_16
3177,cluster_LynxID2025_9
3178,cluster_LynxID2025_16
3181,cluster_LynxID2025_15
3183,cluster_LynxID2025_16
3193,cluster_LynxID2025_1
3201,cluster_LynxID2025_15
3204,cluster_LynxID2025_15
3205,cluster_LynxID2025_0
3215,cluster_LynxID2025_15
3217,cluster_LynxID2025_15
3220,cluster_LynxID2025_4
3221,cluster_LynxID2025_4
3222,cluster_LynxID2025_4
3231,cluster_LynxID2025_1
3232,cluster_LynxID2025_1
3239,cluster_LynxID2025_4
3242,cluster_LynxID2025_1
3245,cluster_LynxID2025_15
3249,cluster_LynxID2025_12
3256,cluster_LynxID2025_9
3259,cluster_LynxID2025_15
3261,cluster_LynxID2025_4
3263,cluster_LynxID2025_4
3267,cluster_LynxID2025_6
3270,cluster_LynxID2025_1
3274,cluster_LynxID2025_4
3277,cluster_LynxID2025_12
3281,cluster_LynxID2025_15
3284,cluster_LynxID2025_15
3286,cluster_LynxID2025_1
3287,cluster_LynxID2025_12
3297,cluster_LynxID2025_1
3305,cluster_LynxID2025_4
3310,cluster_LynxID2025_4
3314,cluster_LynxID2025_18
3323,cluster_LynxID2025_4
3331,cluster_LynxID2025_4
3335,cluster_LynxID2025_1
3338,cluster_LynxID2025_15
3339,cluster_LynxID2025_1
3344,cluster_LynxID2025_15
3348,cluster_LynxID2025_4
3352,cluster_LynxID2025_17
3353,cluster_LynxID2025_12
3356,cluster_LynxID2025_czechreal_lynx_287
3357,cluster_LynxID2025_1
3358,cluster_LynxID2025_8
3366,cluster_LynxID2025_12
3372,cluster_LynxID2025_1
3380,cluster_LynxID2025_1
3382,cluster_LynxID2025_12
3386,cluster_LynxID2025_16
3389,cluster_LynxID2025_13
3390,cluster_LynxID2025_9
3400,cluster_LynxID2025_12
3401,cluster_LynxID2025_1
3409,cluster_LynxID2025_15
3412,cluster_LynxID2025_1
3416,cluster_LynxID2025_1
3418,cluster_LynxID2025_9
3420,cluster_LynxID2025_16
3424,cluster_LynxID2025_9
3427,cluster_LynxID2025_15
3429,cluster_LynxID2025_4
3434,cluster_LynxID2025_15
3435,cluster_LynxID2025_6
3436,cluster_LynxID2025_1
3437,cluster_LynxID2025_18
3439,cluster_LynxID2025_1
3441,cluster_LynxID2025_16
3446,cluster_LynxID2025_4
3449,cluster_LynxID2025_4
3450,cluster_LynxID2025_12
3452,cluster_LynxID2025_4
3469,cluster_LynxID2025_4
3474,cluster_LynxID2025_4
3477,cluster_LynxID2025_16
3480,cluster_LynxID2025_16
3481,cluster_LynxID2025_10
3484,cluster_LynxID2025_12
3487,cluster_LynxID2025_4
3490,cluster_LynxID2025_16
3494,cluster_LynxID2025_1
3497,cluster_LynxID2025_4
3500,cluster_LynxID2025_4
3501,cluster_LynxID2025_1
3502,cluster_LynxID2025_15
3508,cluster_LynxID2025_6
3511,cluster_LynxID2025_9
3513,cluster_LynxID2025_1
3521,cluster_LynxID2025_15
3524,cluster_LynxID2025_1
3526,cluster_LynxID2025_15
3529,cluster_LynxID2025_9
3530,cluster_LynxID2025_15
3539,cluster_LynxID2025_4
3540,cluster_LynxID2025_15
3542,cluster_LynxID2025_1
3545,cluster_LynxID2025_16
3548,cluster_LynxID2025_4
3550,cluster_LynxID2025_15
3565,cluster_LynxID2025_16
3566,cluster_LynxID2025_0
3568,cluster_LynxID2025_6
3570,cluster_LynxID2025_4
3574,cluster_LynxID2025_1
3582,cluster_LynxID2025_9
3585,cluster_LynxID2025_1
3595,cluster_LynxID2025_4
3597,cluster_LynxID2025_15
3605,cluster_LynxID2025_15
3626,cluster_LynxID2025_15
3633,cluster_LynxID2025_9
3638,cluster_LynxID2025_4
3643,cluster_LynxID2025_1
3645,cluster_LynxID2025_9
3648,cluster_LynxID2025_9
3654,cluster_LynxID2025_15
3655,cluster_LynxID2025_16
3657,cluster_LynxID2025_15
3660,cluster_LynxID2025_1
3666,cluster_LynxID2025_9
3670,cluster_LynxID2025_15
3672,cluster_LynxID2025_12
3675,cluster_LynxID2025_1
3676,cluster_LynxID2025_15
3677,cluster_LynxID2025_12
3682,cluster_LynxID2025_4
3690,cluster_LynxID2025_12
3691,cluster_LynxID2025_12
3692,cluster_LynxID2025_8
3696,cluster_LynxID2025_12
3698,cluster_LynxID2025_1
3706,cluster_LynxID2025_12
3725,cluster_LynxID2025_18
3727,cluster_LynxID2025_16
3729,cluster_LynxID2025_17
3739,cluster_LynxID2025_1
3749,cluster_LynxID2025_1
3750,cluster_LynxID2025_15
3762,cluster_LynxID2025_8
3763,cluster_LynxID2025_0
3766,cluster_LynxID2025_16
3768,cluster_LynxID2025_1
3793,cluster_LynxID2025_11
3794,cluster_LynxID2025_1
3808,cluster_LynxID2025_17
3822,cluster_LynxID2025_1
3823,cluster_LynxID2025_15
3836,cluster_LynxID2025_4
3837,cluster_LynxID2025_5
3849,cluster_LynxID2025_4
3861,cluster_LynxID2025_9
3862,cluster_LynxID2025_4
3866,cluster_LynxID2025_0
3867,cluster_LynxID2025_18
3874,cluster_LynxID2025_0
3876,cluster_LynxID2025_15
3887,cluster_LynxID2025_1
3897,cluster_LynxID2025_15
3900,cluster_LynxID2025_15
3902,cluster_LynxID2025_9
5291,cluster_SalamanderID2025_68
5292,cluster_SalamanderID2025_68
5293,cluster_SalamanderID2025_68
5294,cluster_SalamanderID2025_68
5295,cluster_SalamanderID2025_27
5296,cluster_SalamanderID2025_27
5297,cluster_SalamanderID2025_68
5298,cluster_SalamanderID2025_27
5299,cluster_SalamanderID2025_68
5300,cluster_SalamanderID2025_68
5301,cluster_SalamanderID2025_155
5302,cluster_SalamanderID2025_187
5303,cluster_SalamanderID2025_209
5304,cluster_SalamanderID2025_212
5305,cluster_SalamanderID2025_449
5306,cluster_SalamanderID2025_210
5307,cluster_SalamanderID2025_211
5308,cluster_SalamanderID2025_370
5309,cluster_SalamanderID2025_368
5310,cluster_SalamanderID2025_157
5311,cluster_SalamanderID2025_157
5312,cluster_SalamanderID2025_157
5313,cluster_SalamanderID2025_157
5314,cluster_SalamanderID2025_108
5315,cluster_SalamanderID2025_157
5316,cluster_SalamanderID2025_132
5317,cluster_SalamanderID2025_12
5318,cluster_SalamanderID2025_430
5319,cluster_SalamanderID2025_483
5320,cluster_SalamanderID2025_255
5321,cluster_SalamanderID2025_341
5322,cluster_SalamanderID2025_153
5323,cluster_SalamanderID2025_117
5324,cluster_SalamanderID2025_86
5325,cluster_SalamanderID2025_19
5326,cluster_SalamanderID2025_8
5327,cluster_SalamanderID2025_138
5328,cluster_SalamanderID2025_450
5329,cluster_SalamanderID2025_463
5330,cluster_SalamanderID2025_351
5331,cluster_SalamanderID2025_163
5332,cluster_SalamanderID2025_120
5333,cluster_SalamanderID2025_121
5334,cluster_SalamanderID2025_484
5335,cluster_SalamanderID2025_21
5336,cluster_SalamanderID2025_383
5337,cluster_SalamanderID2025_142
5338,cluster_SalamanderID2025_387
5339,cluster_SalamanderID2025_324
5340,cluster_SalamanderID2025_111
5341,cluster_SalamanderID2025_111
5342,cluster_SalamanderID2025_291
5343,cluster_SalamanderID2025_111
5344,cluster_SalamanderID2025_111
5345,cluster_SalamanderID2025_291
5346,cluster_SalamanderID2025_111
5347,cluster_SalamanderID2025_291
5348,cluster_SalamanderID2025_291
5349,cluster_SalamanderID2025_111
5350,cluster_SalamanderID2025_440
5351,cluster_SalamanderID2025_451
5352,cluster_SalamanderID2025_33
5353,cluster_SalamanderID2025_447
5354,cluster_SalamanderID2025_182
5355,cluster_SalamanderID2025_110
5356,cluster_SalamanderID2025_334
5357,cluster_SalamanderID2025_334
5358,cluster_SalamanderID2025_162
5359,cluster_SalamanderID2025_334
5360,cluster_SalamanderID2025_297
5361,cluster_SalamanderID2025_464
5362,cluster_SalamanderID2025_162
5363,cluster_SalamanderID2025_162
5364,cluster_SalamanderID2025_162
5365,cluster_SalamanderID2025_334
5366,cluster_SalamanderID2025_31
5367,cluster_SalamanderID2025_102
5368,cluster_SalamanderID2025_221
5369,cluster_SalamanderID2025_600
5370,cluster_SalamanderID2025_11
5371,cluster_SalamanderID2025_59
5372,cluster_SalamanderID2025_426
5373,cluster_SalamanderID2025_13
5374,cluster_SalamanderID2025_141
5375,cluster_SalamanderID2025_312
5376,cluster_SalamanderID2025_573
5377,cluster_SalamanderID2025_330
5378,cluster_SalamanderID2025_85
5379,cluster_SalamanderID2025_85
5380,cluster_SalamanderID2025_415
5381,cluster_SalamanderID2025_85
5382,cluster_SalamanderID2025_330
5383,cluster_SalamanderID2025_85
5384,cluster_SalamanderID2025_85
5385,cluster_SalamanderID2025_330
5386,cluster_SalamanderID2025_85
5387,cluster_SalamanderID2025_109
5388,cluster_SalamanderID2025_144
5389,cluster_SalamanderID2025_99
5390,cluster_SalamanderID2025_7
5391,cluster_SalamanderID2025_75
5392,cluster_SalamanderID2025_101
5393,cluster_SalamanderID2025_101
5394,cluster_SalamanderID2025_237
5395,cluster_SalamanderID2025_237
5396,cluster_SalamanderID2025_253
5397,cluster_SalamanderID2025_237
5398,cluster_SalamanderID2025_222
5399,cluster_SalamanderID2025_299
5400,cluster_SalamanderID2025_39
5401,cluster_SalamanderID2025_52
5402,cluster_SalamanderID2025_65
5403,cluster_SalamanderID2025_314
5404,cluster_SalamanderID2025_181
5405,cluster_SalamanderID2025_105
5406,cluster_SalamanderID2025_271
5407,cluster_SalamanderID2025_65
5408,cluster_SalamanderID2025_65
5409,cluster_SalamanderID2025_65
5410,cluster_SalamanderID2025_65
5411,cluster_SalamanderID2025_65
5412,cluster_SalamanderID2025_65
5413,cluster_SalamanderID2025_316
5414,cluster_SalamanderID2025_379
5415,cluster_SalamanderID2025_381
5416,cluster_SalamanderID2025_145
5417,cluster_SalamanderID2025_252
5418,cluster_SalamanderID2025_588
5419,cluster_SalamanderID2025_113
5420,cluster_SalamanderID2025_143
5421,cluster_SalamanderID2025_143
5422,cluster_SalamanderID2025_143
5423,cluster_SalamanderID2025_183
5424,cluster_SalamanderID2025_411
5425,cluster_SalamanderID2025_375
5426,cluster_SalamanderID2025_56
5427,cluster_SalamanderID2025_136
5428,cluster_SalamanderID2025_339
5429,cluster_SalamanderID2025_382
5430,cluster_SalamanderID2025_505
5431,cluster_SalamanderID2025_388
5432,cluster_SalamanderID2025_17
5433,cluster_SalamanderID2025_306
5434,cluster_SalamanderID2025_419
5435,cluster_SalamanderID2025_127
5436,cluster_SalamanderID2025_76
5437,cluster_SalamanderID2025_50
5438,cluster_SalamanderID2025_137
5439,cluster_SalamanderID2025_88
5440,cluster_SalamanderID2025_78
5441,cluster_SalamanderID2025_96
5442,cluster_SalamanderID2025_42
5443,cluster_SalamanderID2025_23
5444,cluster_SalamanderID2025_520
5445,cluster_SalamanderID2025_208
5446,cluster_SalamanderID2025_175
5447,cluster_SalamanderID2025_590
5448,cluster_SalamanderID2025_223
5449,cluster_SalamanderID2025_184
5450,cluster_SalamanderID2025_122
5451,cluster_SalamanderID2025_46
5452,cluster_SalamanderID2025_244
5453,cluster_SalamanderID2025_229
5454,cluster_SalamanderID2025_20
5455,cluster_SalamanderID2025_229
5456,cluster_SalamanderID2025_20
5457,cluster_SalamanderID2025_229
5458,cluster_SalamanderID2025_229
5459,cluster_SalamanderID2025_229
5460,cluster_SalamanderID2025_229
5461,cluster_SalamanderID2025_154
5462,cluster_SalamanderID2025_453
5463,cluster_SalamanderID2025_131
5464,cluster_SalamanderID2025_14
5465,cluster_SalamanderID2025_24
5466,cluster_SalamanderID2025_43
5467,cluster_SalamanderID2025_235
5468,cluster_SalamanderID2025_336
5469,cluster_SalamanderID2025_64
5470,cluster_SalamanderID2025_179
5471,cluster_SalamanderID2025_51
5472,cluster_SalamanderID2025_133
5473,cluster_SalamanderID2025_135
5474,cluster_SalamanderID2025_261
5475,cluster_SalamanderID2025_289
5476,cluster_SalamanderID2025_499
5477,cluster_SalamanderID2025_401
5478,cluster_SalamanderID2025_60
5479,cluster_SalamanderID2025_225
5480,cluster_SalamanderID2025_263
5481,cluster_SalamanderID2025_40
5482,cluster_SalamanderID2025_22
5483,cluster_SalamanderID2025_22
5484,cluster_SalamanderID2025_69
5485,cluster_SalamanderID2025_100
5486,cluster_SalamanderID2025_455
5487,cluster_SalamanderID2025_103
5488,cluster_SalamanderID2025_342
5489,cluster_SalamanderID2025_595
5490,cluster_SalamanderID2025_37
5491,cluster_SalamanderID2025_165
5492,cluster_SalamanderID2025_562
5493,cluster_SalamanderID2025_598
5494,cluster_SalamanderID2025_89
5495,cluster_SalamanderID2025_159
5496,cluster_SalamanderID2025_82
5497,cluster_SalamanderID2025_185
5498,cluster_SalamanderID2025_114
5499,cluster_SalamanderID2025_249
5500,cluster_SalamanderID2025_53
5501,cluster_SalamanderID2025_61
5502,cluster_SalamanderID2025_590
5503,cluster_SalamanderID2025_65
5504,cluster_SalamanderID2025_4
5505,cluster_SalamanderID2025_177
5506,cluster_SalamanderID2025_45
5507,cluster_SalamanderID2025_255
5508,cluster_SalamanderID2025_452
5509,cluster_SalamanderID2025_492
5510,cluster_SalamanderID2025_168
5511,cluster_SalamanderID2025_433
5512,cluster_SalamanderID2025_479
5513,cluster_SalamanderID2025_220
5514,cluster_SalamanderID2025_270
5515,cluster_SalamanderID2025_270
5516,cluster_SalamanderID2025_340
5517,cluster_SalamanderID2025_270
5518,cluster_SalamanderID2025_148
5519,cluster_SalamanderID2025_148
5520,cluster_SalamanderID2025_458
5521,cluster_SalamanderID2025_236
5522,cluster_SalamanderID2025_87
5523,cluster_SalamanderID2025_16
5524,cluster_SalamanderID2025_445
5525,cluster_SalamanderID2025_10
5526,cluster_SalamanderID2025_278
5527,cluster_SalamanderID2025_70
5528,cluster_SalamanderID2025_491
5529,cluster_SalamanderID2025_534
5530,cluster_SalamanderID2025_498
5531,cluster_SalamanderID2025_227
5532,cluster_SalamanderID2025_305
5533,cluster_SalamanderID2025_406
5534,cluster_SalamanderID2025_138
5535,cluster_SalamanderID2025_138
5536,cluster_SalamanderID2025_252
5537,cluster_SalamanderID2025_161
5538,cluster_SalamanderID2025_252
5539,cluster_SalamanderID2025_252
5540,cluster_SalamanderID2025_161
5541,cluster_SalamanderID2025_252
5542,cluster_SalamanderID2025_161
5543,cluster_SalamanderID2025_213
5544,cluster_SalamanderID2025_173
5545,cluster_SalamanderID2025_160
5546,cluster_SalamanderID2025_18
5547,cluster_SalamanderID2025_124
5548,cluster_SalamanderID2025_504
5549,cluster_SalamanderID2025_164
5550,cluster_SalamanderID2025_62
5551,cluster_SalamanderID2025_230
5552,cluster_SalamanderID2025_420
5553,cluster_SalamanderID2025_272
5554,cluster_SalamanderID2025_460
5555,cluster_SalamanderID2025_54
5556,cluster_SalamanderID2025_256
5557,cluster_SalamanderID2025_466
5558,cluster_SalamanderID2025_471
5559,cluster_SalamanderID2025_292
5560,cluster_SalamanderID2025_355
5561,cluster_SalamanderID2025_462
5562,cluster_SalamanderID2025_194
5563,cluster_SalamanderID2025_216
5564,cluster_SalamanderID2025_319
5565,cluster_SalamanderID2025_199
5566,cluster_SalamanderID2025_199
5567,cluster_SalamanderID2025_199
5568,cluster_SalamanderID2025_391
5569,cluster_SalamanderID2025_391
5570,cluster_SalamanderID2025_391
5571,cluster_SalamanderID2025_10
5572,cluster_SalamanderID2025_106
5573,cluster_SalamanderID2025_217
5574,cluster_SalamanderID2025_437
5575,cluster_SalamanderID2025_467
5576,cluster_SalamanderID2025_126
5577,cluster_SalamanderID2025_44
5578,cluster_SalamanderID2025_174
5579,cluster_SalamanderID2025_456
5580,cluster_SalamanderID2025_176
5581,cluster_SalamanderID2025_290
5582,cluster_SalamanderID2025_307
5583,cluster_SalamanderID2025_166
5584,cluster_SalamanderID2025_500
5585,cluster_SalamanderID2025_491
5586,cluster_SalamanderID2025_94
5587,cluster_SalamanderID2025_526
5588,cluster_SalamanderID2025_47
5589,cluster_SalamanderID2025_5
5590,cluster_SalamanderID2025_15
5591,cluster_SalamanderID2025_129
5592,cluster_SalamanderID2025_167
5593,cluster_SalamanderID2025_497
5594,cluster_SalamanderID2025_391
5595,cluster_SalamanderID2025_46
5596,cluster_SalamanderID2025_224
5597,cluster_SalamanderID2025_527
5598,cluster_SalamanderID2025_284
5599,cluster_SalamanderID2025_486
5600,cluster_SalamanderID2025_83
5601,cluster_SalamanderID2025_116
5602,cluster_SalamanderID2025_116
5603,cluster_SalamanderID2025_116
5604,cluster_SalamanderID2025_345
5605,cluster_SalamanderID2025_345
5606,cluster_SalamanderID2025_465
5607,cluster_SalamanderID2025_465
5608,cluster_SalamanderID2025_601
5609,cluster_SalamanderID2025_353
5610,cluster_SalamanderID2025_547
5611,cluster_SalamanderID2025_240
5612,cluster_SalamanderID2025_26
5613,cluster_SalamanderID2025_310
5614,cluster_SalamanderID2025_310
5615,cluster_SalamanderID2025_29
5616,cluster_SalamanderID2025_310
5617,cluster_SalamanderID2025_310
5618,cluster_SalamanderID2025_29
5619,cluster_SalamanderID2025_459
5620,cluster_SalamanderID2025_485
5621,cluster_SalamanderID2025_477
5622,cluster_SalamanderID2025_403
5623,cluster_SalamanderID2025_506
5624,cluster_SalamanderID2025_338
5625,cluster_SalamanderID2025_258
5626,cluster_SalamanderID2025_150
5627,cluster_SalamanderID2025_150
5628,cluster_SalamanderID2025_552
5629,cluster_SalamanderID2025_91
5630,cluster_SalamanderID2025_48
5631,cluster_SalamanderID2025_36
5632,cluster_SalamanderID2025_528
5633,cluster_SalamanderID2025_268
5634,cluster_SalamanderID2025_346
5635,cluster_SalamanderID2025_35
5636,cluster_SalamanderID2025_130
5637,cluster_SalamanderID2025_219
5638,cluster_SalamanderID2025_294
5639,cluster_SalamanderID2025_193
5640,cluster_SalamanderID2025_252
5641,cluster_SalamanderID2025_404
5642,cluster_SalamanderID2025_252
5643,cluster_SalamanderID2025_252
5644,cluster_SalamanderID2025_252
5645,cluster_SalamanderID2025_151
5646,cluster_SalamanderID2025_151
5647,cluster_SalamanderID2025_252
5648,cluster_SalamanderID2025_535
5649,cluster_SalamanderID2025_152
5650,cluster_SalamanderID2025_291
5651,cluster_SalamanderID2025_257
5652,cluster_SalamanderID2025_131
5653,cluster_SalamanderID2025_325
5654,cluster_SalamanderID2025_291
5655,cluster_SalamanderID2025_291
5656,cluster_SalamanderID2025_291
5657,cluster_SalamanderID2025_81
5658,cluster_SalamanderID2025_291
5659,cluster_SalamanderID2025_291
5660,cluster_SalamanderID2025_291
5661,cluster_SalamanderID2025_291
5662,cluster_SalamanderID2025_566
5663,cluster_SalamanderID2025_232
5664,cluster_SalamanderID2025_139
5665,cluster_SalamanderID2025_559
5666,cluster_SalamanderID2025_474
5667,cluster_SalamanderID2025_561
5668,cluster_SalamanderID2025_156
5669,cluster_SalamanderID2025_422
5670,cluster_SalamanderID2025_597
5671,cluster_SalamanderID2025_496
5672,cluster_SalamanderID2025_337
5673,cluster_SalamanderID2025_302
5674,cluster_SalamanderID2025_377
5675,cluster_SalamanderID2025_574
5676,cluster_SalamanderID2025_238
5677,cluster_SalamanderID2025_503
5678,cluster_SalamanderID2025_320
5679,cluster_SalamanderID2025_374
5680,cluster_SalamanderID2025_58
5681,cluster_SalamanderID2025_532
5682,cluster_SalamanderID2025_501
5683,cluster_SalamanderID2025_57
5684,cluster_SalamanderID2025_565
5685,cluster_SalamanderID2025_115
5686,cluster_SalamanderID2025_587
5687,cluster_SalamanderID2025_30
5688,cluster_SalamanderID2025_277
5689,cluster_SalamanderID2025_542
5690,cluster_SalamanderID2025_402
5691,cluster_SalamanderID2025_239
5692,cluster_SalamanderID2025_373
5693,cluster_SalamanderID2025_72
5694,cluster_SalamanderID2025_81
5695,cluster_SalamanderID2025_81
5696,cluster_SalamanderID2025_170
5697,cluster_SalamanderID2025_478
5698,cluster_SalamanderID2025_518
5699,cluster_SalamanderID2025_123
5700,cluster_SalamanderID2025_97
5701,cluster_SalamanderID2025_594
5702,cluster_SalamanderID2025_283
5703,cluster_SalamanderID2025_282
5704,cluster_SalamanderID2025_416
5705,cluster_SalamanderID2025_282
5706,cluster_SalamanderID2025_92
5707,cluster_SalamanderID2025_348
5708,cluster_SalamanderID2025_231
5709,cluster_SalamanderID2025_332
5710,cluster_SalamanderID2025_327
5711,cluster_SalamanderID2025_357
5712,cluster_SalamanderID2025_539
5713,cluster_SalamanderID2025_417
5714,cluster_SalamanderID2025_435
5715,cluster_SalamanderID2025_251
5716,cluster_SalamanderID2025_546
5717,cluster_SalamanderID2025_549
5718,cluster_SalamanderID2025_296
5719,cluster_SalamanderID2025_233
5720,cluster_SalamanderID2025_531
5721,cluster_SalamanderID2025_575
5722,cluster_SalamanderID2025_234
5723,cluster_SalamanderID2025_427
5724,cluster_SalamanderID2025_481
5725,cluster_SalamanderID2025_473
5726,cluster_SalamanderID2025_281
5727,cluster_SalamanderID2025_16
5728,cluster_SalamanderID2025_328
5729,cluster_SalamanderID2025_551
5730,cluster_SalamanderID2025_598
5731,cluster_SalamanderID2025_407
5732,cluster_SalamanderID2025_349
5733,cluster_SalamanderID2025_349
5734,cluster_SalamanderID2025_563
5735,cluster_SalamanderID2025_169
5736,cluster_SalamanderID2025_207
5737,cluster_SalamanderID2025_529
5738,cluster_SalamanderID2025_326
5739,cluster_SalamanderID2025_304
5740,cluster_SalamanderID2025_409
5741,cluster_SalamanderID2025_304
5742,cluster_SalamanderID2025_172
5743,cluster_SalamanderID2025_555
5744,cluster_SalamanderID2025_342
5745,cluster_SalamanderID2025_364
5746,cluster_SalamanderID2025_241
5747,cluster_SalamanderID2025_571
5748,cluster_SalamanderID2025_71
5749,cluster_SalamanderID2025_546
5750,cluster_SalamanderID2025_563
5751,cluster_SalamanderID2025_530
5752,cluster_SalamanderID2025_489
5753,cluster_SalamanderID2025_273
5754,cluster_SalamanderID2025_55
5755,cluster_SalamanderID2025_480
5756,cluster_SalamanderID2025_303
5757,cluster_SalamanderID2025_95
5758,cluster_SalamanderID2025_423
5759,cluster_SalamanderID2025_301
5760,cluster_SalamanderID2025_301
5761,cluster_SalamanderID2025_140
5762,cluster_SalamanderID2025_140
5763,cluster_SalamanderID2025_248
5764,cluster_SalamanderID2025_188
5765,cluster_SalamanderID2025_470
5766,cluster_SalamanderID2025_572
5767,cluster_SalamanderID2025_93
5768,cluster_SalamanderID2025_84
5769,cluster_SalamanderID2025_38
5770,cluster_SalamanderID2025_41
5771,cluster_SalamanderID2025_218
5772,cluster_SalamanderID2025_315
5773,cluster_SalamanderID2025_315
5774,cluster_SalamanderID2025_315
5775,cluster_SalamanderID2025_589
5776,cluster_SalamanderID2025_315
5777,cluster_SalamanderID2025_315
5778,cluster_SalamanderID2025_279
5779,cluster_SalamanderID2025_331
5780,cluster_SalamanderID2025_335
5781,cluster_SalamanderID2025_333
5782,cluster_SalamanderID2025_457
5783,cluster_SalamanderID2025_98
5784,cluster_SalamanderID2025_46
5785,cluster_SalamanderID2025_490
5786,cluster_SalamanderID2025_250
5787,cluster_SalamanderID2025_541
5788,cluster_SalamanderID2025_282
5789,cluster_SalamanderID2025_246
5790,cluster_SalamanderID2025_309
5791,cluster_SalamanderID2025_461
5792,cluster_SalamanderID2025_556
5793,cluster_SalamanderID2025_280
5794,cluster_SalamanderID2025_180
5795,cluster_SalamanderID2025_428
5796,cluster_SalamanderID2025_412
5797,cluster_SalamanderID2025_313
5798,cluster_SalamanderID2025_34
5799,cluster_SalamanderID2025_313
5800,cluster_SalamanderID2025_313
5801,cluster_SalamanderID2025_567
5802,cluster_SalamanderID2025_596
5803,cluster_SalamanderID2025_317
5804,cluster_SalamanderID2025_356
5805,cluster_SalamanderID2025_578
5806,cluster_SalamanderID2025_493
5807,cluster_SalamanderID2025_215
5808,cluster_SalamanderID2025_312
5809,cluster_SalamanderID2025_190
5810,cluster_SalamanderID2025_275
5811,cluster_SalamanderID2025_275
5812,cluster_SalamanderID2025_226
5813,cluster_SalamanderID2025_560
5814,cluster_SalamanderID2025_287
5815,cluster_SalamanderID2025_515
5816,cluster_SalamanderID2025_548
5817,cluster_SalamanderID2025_192
5818,cluster_SalamanderID2025_436
5819,cluster_SalamanderID2025_104
5820,cluster_SalamanderID2025_511
5821,cluster_SalamanderID2025_367
5822,cluster_SalamanderID2025_260
5823,cluster_SalamanderID2025_494
5824,cluster_SalamanderID2025_274
5825,cluster_SalamanderID2025_322
5826,cluster_SalamanderID2025_321
5827,cluster_SalamanderID2025_195
5828,cluster_SalamanderID2025_568
5829,cluster_SalamanderID2025_432
5830,cluster_SalamanderID2025_557
5831,cluster_SalamanderID2025_558
5832,cluster_SalamanderID2025_578
5833,cluster_SalamanderID2025_591
5834,cluster_SalamanderID2025_343
5835,cluster_SalamanderID2025_508
5836,cluster_SalamanderID2025_518
5837,cluster_SalamanderID2025_206
5838,cluster_SalamanderID2025_359
5839,cluster_SalamanderID2025_266
5840,cluster_SalamanderID2025_582
5841,cluster_SalamanderID2025_329
5842,cluster_SalamanderID2025_198
5843,cluster_SalamanderID2025_245
5844,cluster_SalamanderID2025_74
5845,cluster_SalamanderID2025_520
5846,cluster_SalamanderID2025_265
5847,cluster_SalamanderID2025_385
5848,cluster_SalamanderID2025_200
5849,cluster_SalamanderID2025_469
5850,cluster_SalamanderID2025_162
5851,cluster_SalamanderID2025_149
5852,cluster_SalamanderID2025_487
5853,cluster_SalamanderID2025_502
5854,cluster_SalamanderID2025_424
5855,cluster_SalamanderID2025_189
5856,cluster_SalamanderID2025_73
5857,cluster_SalamanderID2025_533
5858,cluster_SalamanderID2025_295
5859,cluster_SalamanderID2025_512
5860,cluster_SalamanderID2025_63
5861,cluster_SalamanderID2025_536
5862,cluster_SalamanderID2025_547
5863,cluster_SalamanderID2025_579
5864,cluster_SalamanderID2025_285
5865,cluster_SalamanderID2025_434
5866,cluster_SalamanderID2025_488
5867,cluster_SalamanderID2025_564
5868,cluster_SalamanderID2025_366
5869,cluster_SalamanderID2025_443
5870,cluster_SalamanderID2025_276
5871,cluster_SalamanderID2025_119
5872,cluster_SalamanderID2025_9
5873,cluster_SalamanderID2025_286
5874,cluster_SalamanderID2025_371
5875,cluster_SalamanderID2025_543
5876,cluster_SalamanderID2025_269
5877,cluster_SalamanderID2025_178
5878,cluster_SalamanderID2025_468
5879,cluster_SalamanderID2025_537
5880,cluster_SalamanderID2025_582
5881,cluster_SalamanderID2025_352
5882,cluster_SalamanderID2025_543
5883,cluster_SalamanderID2025_214
5884,cluster_SalamanderID2025_146
5885,cluster_SalamanderID2025_487
5886,cluster_SalamanderID2025_171
5887,cluster_SalamanderID2025_323
5888,cluster_SalamanderID2025_347
5889,cluster_SalamanderID2025_228
5890,cluster_SalamanderID2025_592
5891,cluster_SalamanderID2025_525
5892,cluster_SalamanderID2025_142
5893,cluster_SalamanderID2025_343
5894,cluster_SalamanderID2025_259
5895,cluster_SalamanderID2025_509
5896,cluster_SalamanderID2025_576
5897,cluster_SalamanderID2025_204
5898,cluster_SalamanderID2025_288
5899,cluster_SalamanderID2025_196
5900,cluster_SalamanderID2025_570
5901,cluster_SalamanderID2025_186
5902,cluster_SalamanderID2025_476
5903,cluster_SalamanderID2025_372
5904,cluster_SalamanderID2025_203
5905,cluster_SalamanderID2025_554
5906,cluster_SalamanderID2025_191
5907,cluster_SalamanderID2025_522
5908,cluster_SalamanderID2025_519
5909,cluster_SalamanderID2025_365
5910,cluster_SalamanderID2025_509
5911,cluster_SalamanderID2025_599
5912,cluster_SalamanderID2025_344
5913,cluster_SalamanderID2025_350
5914,cluster_SalamanderID2025_2
5915,cluster_SalamanderID2025_369
5916,cluster_SalamanderID2025_201
5917,cluster_SalamanderID2025_521
5918,cluster_SalamanderID2025_429
5919,cluster_SalamanderID2025_515
5920,cluster_SalamanderID2025_581
5921,cluster_SalamanderID2025_413
5922,cluster_SalamanderID2025_360
5923,cluster_SalamanderID2025_90
5924,cluster_SalamanderID2025_538
5925,cluster_SalamanderID2025_523
5926,cluster_SalamanderID2025_584
5927,cluster_SalamanderID2025_482
5928,cluster_SalamanderID2025_540
5929,cluster_SalamanderID2025_0
5930,cluster_SalamanderID2025_516
5931,cluster_SalamanderID2025_308
5932,cluster_SalamanderID2025_553
5933,cluster_SalamanderID2025_189
5934,cluster_SalamanderID2025_507
5935,cluster_SalamanderID2025_513
5936,cluster_SalamanderID2025_514
5937,cluster_SalamanderID2025_394
5938,cluster_SalamanderID2025_581
5939,cluster_SalamanderID2025_202
5940,cluster_SalamanderID2025_508
5941,cluster_SalamanderID2025_3
5942,cluster_SalamanderID2025_586
5943,cluster_SalamanderID2025_573
5944,cluster_SalamanderID2025_524
5945,cluster_SalamanderID2025_264
5946,cluster_SalamanderID2025_147
5947,cluster_SalamanderID2025_495
5948,cluster_SalamanderID2025_49
5949,cluster_SalamanderID2025_80
5950,cluster_SalamanderID2025_510
5951,cluster_SalamanderID2025_386
5952,cluster_SalamanderID2025_580
5953,cluster_SalamanderID2025_398
5954,cluster_SalamanderID2025_32
5955,cluster_SalamanderID2025_577
5956,cluster_SalamanderID2025_408
5957,cluster_SalamanderID2025_300
5958,cluster_SalamanderID2025_361
5959,cluster_SalamanderID2025_517
5960,cluster_SalamanderID2025_544
5961,cluster_SalamanderID2025_127
5962,cluster_SalamanderID2025_1
5963,cluster_SalamanderID2025_358
5964,cluster_SalamanderID2025_414
5965,cluster_SalamanderID2025_400
5966,cluster_SalamanderID2025_591
5967,cluster_SalamanderID2025_545
5968,cluster_SalamanderID2025_583
5969,cluster_SalamanderID2025_475
5970,cluster_SalamanderID2025_550
5971,cluster_SalamanderID2025_569
5972,cluster_SalamanderID2025_197
5973,cluster_SalamanderID2025_593
5974,cluster_SalamanderID2025_556
5975,cluster_SalamanderID2025_472
5976,cluster_SalamanderID2025_25
5977,cluster_SalamanderID2025_431
5978,cluster_SalamanderID2025_585
5979,cluster_SalamanderID2025_362
14709,cluster_SeaTurtleID2022_151
14710,cluster_SeaTurtleID2022_53
14711,cluster_SeaTurtleID2022_136
14712,cluster_SeaTurtleID2022_69
14713,cluster_SeaTurtleID2022_105
14714,cluster_SeaTurtleID2022_150
14715,cluster_SeaTurtleID2022_0
14716,cluster_SeaTurtleID2022_85
14717,cluster_SeaTurtleID2022_143
14718,cluster_SeaTurtleID2022_42
14719,cluster_SeaTurtleID2022_98
14720,cluster_SeaTurtleID2022_127
14721,cluster_SeaTurtleID2022_42
14722,cluster_SeaTurtleID2022_42
14723,cluster_SeaTurtleID2022_32
14724,cluster_SeaTurtleID2022_39
14725,cluster_SeaTurtleID2022_42
14726,cluster_SeaTurtleID2022_137
14727,cluster_SeaTurtleID2022_49
14728,cluster_SeaTurtleID2022_13
14729,cluster_SeaTurtleID2022_114
14730,cluster_SeaTurtleID2022_66
14731,cluster_SeaTurtleID2022_110
14732,cluster_SeaTurtleID2022_49
14733,cluster_SeaTurtleID2022_38
14734,cluster_SeaTurtleID2022_89
14735,cluster_SeaTurtleID2022_8
14736,cluster_SeaTurtleID2022_66
14737,cluster_SeaTurtleID2022_34
14738,cluster_SeaTurtleID2022_148
14739,cluster_SeaTurtleID2022_57
14740,cluster_SeaTurtleID2022_67
14741,cluster_SeaTurtleID2022_151
14742,cluster_SeaTurtleID2022_120
14743,cluster_SeaTurtleID2022_28
14744,cluster_SeaTurtleID2022_145
14745,cluster_SeaTurtleID2022_80
14746,cluster_SeaTurtleID2022_77
14747,cluster_SeaTurtleID2022_62
14748,cluster_SeaTurtleID2022_57
14749,cluster_SeaTurtleID2022_83
14750,cluster_SeaTurtleID2022_37
14751,cluster_SeaTurtleID2022_39
14752,cluster_SeaTurtleID2022_143
14753,cluster_SeaTurtleID2022_72
14754,cluster_SeaTurtleID2022_151
14755,cluster_SeaTurtleID2022_83
14756,cluster_SeaTurtleID2022_136
14757,cluster_SeaTurtleID2022_128
14758,cluster_SeaTurtleID2022_27
14759,cluster_SeaTurtleID2022_142
14760,cluster_SeaTurtleID2022_78
14761,cluster_SeaTurtleID2022_6
14762,cluster_SeaTurtleID2022_36
14763,cluster_SeaTurtleID2022_9
14764,cluster_SeaTurtleID2022_48
14765,cluster_SeaTurtleID2022_83
14766,cluster_SeaTurtleID2022_44
14767,cluster_SeaTurtleID2022_45
14768,cluster_SeaTurtleID2022_75
14769,cluster_SeaTurtleID2022_100
14770,cluster_SeaTurtleID2022_138
14771,cluster_SeaTurtleID2022_26
14772,cluster_SeaTurtleID2022_107
14773,cluster_SeaTurtleID2022_103
14774,cluster_SeaTurtleID2022_80
14775,cluster_SeaTurtleID2022_55
14776,cluster_SeaTurtleID2022_81
14777,cluster_SeaTurtleID2022_35
14778,cluster_SeaTurtleID2022_40
14779,cluster_SeaTurtleID2022_108
14780,cluster_SeaTurtleID2022_109
14781,cluster_SeaTurtleID2022_136
14782,cluster_SeaTurtleID2022_75
14783,cluster_SeaTurtleID2022_38
14784,cluster_SeaTurtleID2022_110
14785,cluster_SeaTurtleID2022_28
14786,cluster_SeaTurtleID2022_68
14787,cluster_SeaTurtleID2022_126
14788,cluster_SeaTurtleID2022_50
14789,cluster_SeaTurtleID2022_78
14790,cluster_SeaTurtleID2022_9
14791,cluster_SeaTurtleID2022_78
14792,cluster_SeaTurtleID2022_106
14793,cluster_SeaTurtleID2022_39
14794,cluster_SeaTurtleID2022_69
14795,cluster_SeaTurtleID2022_42
14796,cluster_SeaTurtleID2022_100
14797,cluster_SeaTurtleID2022_46
14798,cluster_SeaTurtleID2022_16
14799,cluster_SeaTurtleID2022_53
14800,cluster_SeaTurtleID2022_124
14801,cluster_SeaTurtleID2022_126
14802,cluster_SeaTurtleID2022_91
14803,cluster_SeaTurtleID2022_25
14804,cluster_SeaTurtleID2022_111
14805,cluster_SeaTurtleID2022_12
14806,cluster_SeaTurtleID2022_40
14807,cluster_SeaTurtleID2022_2
14808,cluster_SeaTurtleID2022_111
14809,cluster_SeaTurtleID2022_114
14810,cluster_SeaTurtleID2022_140
14811,cluster_SeaTurtleID2022_144
14812,cluster_SeaTurtleID2022_96
14813,cluster_SeaTurtleID2022_133
14814,cluster_SeaTurtleID2022_60
14815,cluster_SeaTurtleID2022_15
14816,cluster_SeaTurtleID2022_30
14817,cluster_SeaTurtleID2022_147
14818,cluster_SeaTurtleID2022_118
14819,cluster_SeaTurtleID2022_23
14820,cluster_SeaTurtleID2022_49
14821,cluster_SeaTurtleID2022_83
14822,cluster_SeaTurtleID2022_95
14823,cluster_SeaTurtleID2022_90
14824,cluster_SeaTurtleID2022_39
14825,cluster_SeaTurtleID2022_55
14826,cluster_SeaTurtleID2022_105
14827,cluster_SeaTurtleID2022_30
14828,cluster_SeaTurtleID2022_101
14829,cluster_SeaTurtleID2022_3
14830,cluster_SeaTurtleID2022_90
14831,cluster_SeaTurtleID2022_0
14832,cluster_SeaTurtleID2022_150
14833,cluster_SeaTurtleID2022_97
14834,cluster_SeaTurtleID2022_86
14835,cluster_SeaTurtleID2022_103
14836,cluster_SeaTurtleID2022_22
14837,cluster_SeaTurtleID2022_42
14838,cluster_SeaTurtleID2022_81
14839,cluster_SeaTurtleID2022_151
14840,cluster_SeaTurtleID2022_131
14841,cluster_SeaTurtleID2022_84
14842,cluster_SeaTurtleID2022_108
14843,cluster_SeaTurtleID2022_30
14844,cluster_SeaTurtleID2022_123
14845,cluster_SeaTurtleID2022_32
14846,cluster_SeaTurtleID2022_50
14847,cluster_SeaTurtleID2022_61
14848,cluster_SeaTurtleID2022_2
14849,cluster_SeaTurtleID2022_56
14850,cluster_SeaTurtleID2022_45
14851,cluster_SeaTurtleID2022_46
14852,cluster_SeaTurtleID2022_111
14853,cluster_SeaTurtleID2022_10
14854,cluster_SeaTurtleID2022_143
14855,cluster_SeaTurtleID2022_84
14856,cluster_SeaTurtleID2022_21
14857,cluster_SeaTurtleID2022_53
14858,cluster_SeaTurtleID2022_31
14859,cluster_SeaTurtleID2022_50
14860,cluster_SeaTurtleID2022_128
14861,cluster_SeaTurtleID2022_75
14862,cluster_SeaTurtleID2022_81
14863,cluster_SeaTurtleID2022_55
14864,cluster_SeaTurtleID2022_43
14865,cluster_SeaTurtleID2022_99
14866,cluster_SeaTurtleID2022_11
14867,cluster_SeaTurtleID2022_103
14868,cluster_SeaTurtleID2022_151
14869,cluster_SeaTurtleID2022_130
14870,cluster_SeaTurtleID2022_112
14871,cluster_SeaTurtleID2022_4
14872,cluster_SeaTurtleID2022_151
14873,cluster_SeaTurtleID2022_126
14874,cluster_SeaTurtleID2022_85
14875,cluster_SeaTurtleID2022_151
14876,cluster_SeaTurtleID2022_41
14877,cluster_SeaTurtleID2022_47
14878,cluster_SeaTurtleID2022_26
14879,cluster_SeaTurtleID2022_65
14880,cluster_SeaTurtleID2022_48
14881,cluster_SeaTurtleID2022_111
14882,cluster_SeaTurtleID2022_34
14883,cluster_SeaTurtleID2022_88
14884,cluster_SeaTurtleID2022_125
14885,cluster_SeaTurtleID2022_103
14886,cluster_SeaTurtleID2022_87
14887,cluster_SeaTurtleID2022_83
14888,cluster_SeaTurtleID2022_43
14889,cluster_SeaTurtleID2022_60
14890,cluster_SeaTurtleID2022_20
14891,cluster_SeaTurtleID2022_106
14892,cluster_SeaTurtleID2022_31
14893,cluster_SeaTurtleID2022_32
14894,cluster_SeaTurtleID2022_138
14895,cluster_SeaTurtleID2022_57
14896,cluster_SeaTurtleID2022_21
14897,cluster_SeaTurtleID2022_78
14898,cluster_SeaTurtleID2022_109
14899,cluster_SeaTurtleID2022_136
14900,cluster_SeaTurtleID2022_90
14901,cluster_SeaTurtleID2022_107
14902,cluster_SeaTurtleID2022_55
14903,cluster_SeaTurtleID2022_23
14904,cluster_SeaTurtleID2022_41
14905,cluster_SeaTurtleID2022_86
14906,cluster_SeaTurtleID2022_73
14907,cluster_SeaTurtleID2022_31
14908,cluster_SeaTurtleID2022_61
14909,cluster_SeaTurtleID2022_38
14910,cluster_SeaTurtleID2022_105
14911,cluster_SeaTurtleID2022_32
14912,cluster_SeaTurtleID2022_42
14913,cluster_SeaTurtleID2022_103
14914,cluster_SeaTurtleID2022_134
14915,cluster_SeaTurtleID2022_132
14916,cluster_SeaTurtleID2022_145
14917,cluster_SeaTurtleID2022_80
14918,cluster_SeaTurtleID2022_39
14919,cluster_SeaTurtleID2022_42
14920,cluster_SeaTurtleID2022_139
14921,cluster_SeaTurtleID2022_29
14922,cluster_SeaTurtleID2022_77
14923,cluster_SeaTurtleID2022_25
14924,cluster_SeaTurtleID2022_136
14925,cluster_SeaTurtleID2022_51
14926,cluster_SeaTurtleID2022_27
14927,cluster_SeaTurtleID2022_151
14928,cluster_SeaTurtleID2022_91
14929,cluster_SeaTurtleID2022_90
14930,cluster_SeaTurtleID2022_86
14931,cluster_SeaTurtleID2022_111
14932,cluster_SeaTurtleID2022_23
14933,cluster_SeaTurtleID2022_149
14934,cluster_SeaTurtleID2022_76
14935,cluster_SeaTurtleID2022_85
14936,cluster_SeaTurtleID2022_60
14937,cluster_SeaTurtleID2022_87
14938,cluster_SeaTurtleID2022_129
14939,cluster_SeaTurtleID2022_80
14940,cluster_SeaTurtleID2022_1
14941,cluster_SeaTurtleID2022_55
14942,cluster_SeaTurtleID2022_111
14943,cluster_SeaTurtleID2022_40
14944,cluster_SeaTurtleID2022_10
14945,cluster_SeaTurtleID2022_144
14946,cluster_SeaTurtleID2022_150
14947,cluster_SeaTurtleID2022_8
14948,cluster_SeaTurtleID2022_42
14949,cluster_SeaTurtleID2022_69
14950,cluster_SeaTurtleID2022_65
14951,cluster_SeaTurtleID2022_5
14952,cluster_SeaTurtleID2022_130
14953,cluster_SeaTurtleID2022_126
14954,cluster_SeaTurtleID2022_78
14955,cluster_SeaTurtleID2022_96
14956,cluster_SeaTurtleID2022_135
14957,cluster_SeaTurtleID2022_71
14958,cluster_SeaTurtleID2022_37
14959,cluster_SeaTurtleID2022_5
14960,cluster_SeaTurtleID2022_127
14961,cluster_SeaTurtleID2022_89
14962,cluster_SeaTurtleID2022_82
14963,cluster_SeaTurtleID2022_35
14964,cluster_SeaTurtleID2022_39
14965,cluster_SeaTurtleID2022_151
14966,cluster_SeaTurtleID2022_137
14967,cluster_SeaTurtleID2022_145
14968,cluster_SeaTurtleID2022_41
14969,cluster_SeaTurtleID2022_79
14970,cluster_SeaTurtleID2022_55
14971,cluster_SeaTurtleID2022_11
14972,cluster_SeaTurtleID2022_121
14973,cluster_SeaTurtleID2022_39
14974,cluster_SeaTurtleID2022_42
14975,cluster_SeaTurtleID2022_148
14976,cluster_SeaTurtleID2022_84
14977,cluster_SeaTurtleID2022_55
14978,cluster_SeaTurtleID2022_26
14979,cluster_SeaTurtleID2022_56
14980,cluster_SeaTurtleID2022_100
14981,cluster_SeaTurtleID2022_29
14982,cluster_SeaTurtleID2022_119
14983,cluster_SeaTurtleID2022_82
14984,cluster_SeaTurtleID2022_58
14985,cluster_SeaTurtleID2022_128
14986,cluster_SeaTurtleID2022_107
14987,cluster_SeaTurtleID2022_18
14988,cluster_SeaTurtleID2022_29
14989,cluster_SeaTurtleID2022_36
14990,cluster_SeaTurtleID2022_111
14991,cluster_SeaTurtleID2022_75
14992,cluster_SeaTurtleID2022_65
14993,cluster_SeaTurtleID2022_35
14994,cluster_SeaTurtleID2022_145
14995,cluster_SeaTurtleID2022_35
14996,cluster_SeaTurtleID2022_119
14997,cluster_SeaTurtleID2022_104
14998,cluster_SeaTurtleID2022_151
14999,cluster_SeaTurtleID2022_133
15000,cluster_SeaTurtleID2022_33
15001,cluster_SeaTurtleID2022_78
15002,cluster_SeaTurtleID2022_61
15003,cluster_SeaTurtleID2022_119
15004,cluster_SeaTurtleID2022_96
15005,cluster_SeaTurtleID2022_123
15006,cluster_SeaTurtleID2022_82
15007,cluster_SeaTurtleID2022_127
15008,cluster_SeaTurtleID2022_19
15009,cluster_SeaTurtleID2022_53
15010,cluster_SeaTurtleID2022_144
15011,cluster_SeaTurtleID2022_7
15012,cluster_SeaTurtleID2022_78
15013,cluster_SeaTurtleID2022_64
15014,cluster_SeaTurtleID2022_79
15015,cluster_SeaTurtleID2022_80
15016,cluster_SeaTurtleID2022_86
15017,cluster_SeaTurtleID2022_146
15018,cluster_SeaTurtleID2022_57
15019,cluster_SeaTurtleID2022_129
15020,cluster_SeaTurtleID2022_76
15021,cluster_SeaTurtleID2022_102
15022,cluster_SeaTurtleID2022_14
15023,cluster_SeaTurtleID2022_109
15024,cluster_SeaTurtleID2022_70
15025,cluster_SeaTurtleID2022_130
15026,cluster_SeaTurtleID2022_41
15027,cluster_SeaTurtleID2022_54
15028,cluster_SeaTurtleID2022_41
15029,cluster_SeaTurtleID2022_93
15030,cluster_SeaTurtleID2022_63
15031,cluster_SeaTurtleID2022_71
15032,cluster_SeaTurtleID2022_140
15033,cluster_SeaTurtleID2022_61
15034,cluster_SeaTurtleID2022_101
15035,cluster_SeaTurtleID2022_131
15036,cluster_SeaTurtleID2022_83
15037,cluster_SeaTurtleID2022_71
15038,cluster_SeaTurtleID2022_76
15039,cluster_SeaTurtleID2022_141
15040,cluster_SeaTurtleID2022_87
15041,cluster_SeaTurtleID2022_39
15042,cluster_SeaTurtleID2022_74
15043,cluster_SeaTurtleID2022_130
15044,cluster_SeaTurtleID2022_75
15045,cluster_SeaTurtleID2022_61
15046,cluster_SeaTurtleID2022_50
15047,cluster_SeaTurtleID2022_118
15048,cluster_SeaTurtleID2022_139
15049,cluster_SeaTurtleID2022_110
15050,cluster_SeaTurtleID2022_152
15051,cluster_SeaTurtleID2022_151
15052,cluster_SeaTurtleID2022_120
15053,cluster_SeaTurtleID2022_38
15054,cluster_SeaTurtleID2022_41
15055,cluster_SeaTurtleID2022_136
15056,cluster_SeaTurtleID2022_112
15057,cluster_SeaTurtleID2022_39
15058,cluster_SeaTurtleID2022_144
15059,cluster_SeaTurtleID2022_150
15060,cluster_SeaTurtleID2022_21
15061,cluster_SeaTurtleID2022_8
15062,cluster_SeaTurtleID2022_30
15063,cluster_SeaTurtleID2022_44
15064,cluster_SeaTurtleID2022_139
15065,cluster_SeaTurtleID2022_65
15066,cluster_SeaTurtleID2022_15
15067,cluster_SeaTurtleID2022_86
15068,cluster_SeaTurtleID2022_136
15069,cluster_SeaTurtleID2022_59
15070,cluster_SeaTurtleID2022_119
15071,cluster_SeaTurtleID2022_106
15072,cluster_SeaTurtleID2022_55
15073,cluster_SeaTurtleID2022_24
15074,cluster_SeaTurtleID2022_70
15075,cluster_SeaTurtleID2022_77
15076,cluster_SeaTurtleID2022_45
15077,cluster_SeaTurtleID2022_13
15078,cluster_SeaTurtleID2022_17
15079,cluster_SeaTurtleID2022_130
15080,cluster_SeaTurtleID2022_37
15081,cluster_SeaTurtleID2022_27
15082,cluster_SeaTurtleID2022_114
15083,cluster_SeaTurtleID2022_131
15084,cluster_SeaTurtleID2022_150
15085,cluster_SeaTurtleID2022_106
15086,cluster_SeaTurtleID2022_114
15087,cluster_SeaTurtleID2022_94
15088,cluster_SeaTurtleID2022_126
15089,cluster_SeaTurtleID2022_122
15090,cluster_SeaTurtleID2022_118
15091,cluster_SeaTurtleID2022_30
15092,cluster_SeaTurtleID2022_144
15093,cluster_SeaTurtleID2022_37
15094,cluster_SeaTurtleID2022_65
15095,cluster_SeaTurtleID2022_42
15096,cluster_SeaTurtleID2022_90
15097,cluster_SeaTurtleID2022_25
15098,cluster_SeaTurtleID2022_36
15099,cluster_SeaTurtleID2022_148
15100,cluster_SeaTurtleID2022_137
15101,cluster_SeaTurtleID2022_49
15102,cluster_SeaTurtleID2022_91
15103,cluster_SeaTurtleID2022_109
15104,cluster_SeaTurtleID2022_51
15105,cluster_SeaTurtleID2022_115
15106,cluster_SeaTurtleID2022_40
15107,cluster_SeaTurtleID2022_85
15108,cluster_SeaTurtleID2022_42
15109,cluster_SeaTurtleID2022_54
15110,cluster_SeaTurtleID2022_87
15111,cluster_SeaTurtleID2022_110
15112,cluster_SeaTurtleID2022_57
15113,cluster_SeaTurtleID2022_138
15114,cluster_SeaTurtleID2022_27
15115,cluster_SeaTurtleID2022_33
15116,cluster_SeaTurtleID2022_146
15117,cluster_SeaTurtleID2022_46
15118,cluster_SeaTurtleID2022_81
15119,cluster_SeaTurtleID2022_109
15120,cluster_SeaTurtleID2022_67
15121,cluster_SeaTurtleID2022_51
15122,cluster_SeaTurtleID2022_112
15123,cluster_SeaTurtleID2022_45
15124,cluster_SeaTurtleID2022_48
15125,cluster_SeaTurtleID2022_34
15126,cluster_SeaTurtleID2022_113
15127,cluster_SeaTurtleID2022_45
15128,cluster_SeaTurtleID2022_105
15129,cluster_SeaTurtleID2022_91
15130,cluster_SeaTurtleID2022_49
15131,cluster_SeaTurtleID2022_85
15132,cluster_SeaTurtleID2022_44
15133,cluster_SeaTurtleID2022_51
15134,cluster_SeaTurtleID2022_49
15135,cluster_SeaTurtleID2022_42
15136,cluster_SeaTurtleID2022_48
15137,cluster_SeaTurtleID2022_87
15138,cluster_SeaTurtleID2022_67
15139,cluster_SeaTurtleID2022_96
15140,cluster_SeaTurtleID2022_127
15141,cluster_SeaTurtleID2022_2
15142,cluster_SeaTurtleID2022_19
15143,cluster_SeaTurtleID2022_40
15144,cluster_SeaTurtleID2022_48
15145,cluster_SeaTurtleID2022_108
15146,cluster_SeaTurtleID2022_22
15147,cluster_SeaTurtleID2022_123
15148,cluster_SeaTurtleID2022_29
15149,cluster_SeaTurtleID2022_151
15150,cluster_SeaTurtleID2022_69
15151,cluster_SeaTurtleID2022_67
15152,cluster_SeaTurtleID2022_89
15153,cluster_SeaTurtleID2022_115
15154,cluster_SeaTurtleID2022_111
15155,cluster_SeaTurtleID2022_34
15156,cluster_SeaTurtleID2022_55
15157,cluster_SeaTurtleID2022_92
15158,cluster_SeaTurtleID2022_108
15159,cluster_SeaTurtleID2022_117
15160,cluster_SeaTurtleID2022_50
15161,cluster_SeaTurtleID2022_108
15162,cluster_SeaTurtleID2022_62
15163,cluster_SeaTurtleID2022_116
15164,cluster_SeaTurtleID2022_119
15165,cluster_SeaTurtleID2022_62
15166,cluster_SeaTurtleID2022_62
15167,cluster_SeaTurtleID2022_55
15168,cluster_SeaTurtleID2022_41
15169,cluster_SeaTurtleID2022_78
15170,cluster_SeaTurtleID2022_57
15171,cluster_SeaTurtleID2022_112
15172,cluster_SeaTurtleID2022_70
15173,cluster_SeaTurtleID2022_127
15174,cluster_SeaTurtleID2022_34
15175,cluster_SeaTurtleID2022_37
15176,cluster_SeaTurtleID2022_40
15177,cluster_SeaTurtleID2022_35
15178,cluster_SeaTurtleID2022_54
15179,cluster_SeaTurtleID2022_121
15180,cluster_SeaTurtleID2022_116
15181,cluster_SeaTurtleID2022_44
15182,cluster_SeaTurtleID2022_123
15183,cluster_SeaTurtleID2022_109
15184,cluster_SeaTurtleID2022_102
15185,cluster_SeaTurtleID2022_23
15186,cluster_SeaTurtleID2022_76
15187,cluster_SeaTurtleID2022_31
15188,cluster_SeaTurtleID2022_93
15189,cluster_SeaTurtleID2022_136
15190,cluster_SeaTurtleID2022_54
15191,cluster_SeaTurtleID2022_68
15192,cluster_SeaTurtleID2022_84
15193,cluster_SeaTurtleID2022_49
15194,cluster_SeaTurtleID2022_128
15195,cluster_SeaTurtleID2022_107
15196,cluster_SeaTurtleID2022_48
15197,cluster_SeaTurtleID2022_53
15198,cluster_SeaTurtleID2022_41
15199,cluster_SeaTurtleID2022_71
15200,cluster_SeaTurtleID2022_93
15201,cluster_SeaTurtleID2022_112
15202,cluster_SeaTurtleID2022_42
15203,cluster_SeaTurtleID2022_69
15204,cluster_SeaTurtleID2022_46
15205,cluster_SeaTurtleID2022_3
15206,cluster_SeaTurtleID2022_150
15207,cluster_SeaTurtleID2022_52
15208,cluster_SeaTurtleID2022_106
15209,cluster_TexasHornedLizards_215
15210,cluster_TexasHornedLizards_106
15211,cluster_TexasHornedLizards_33
15212,cluster_TexasHornedLizards_45
15213,cluster_TexasHornedLizards_254
15214,cluster_TexasHornedLizards_288
15215,cluster_TexasHornedLizards_136
15216,cluster_TexasHornedLizards_119
15217,cluster_TexasHornedLizards_12
15218,cluster_TexasHornedLizards_232
15219,cluster_TexasHornedLizards_66
15220,cluster_TexasHornedLizards_289
15221,cluster_TexasHornedLizards_229
15222,cluster_TexasHornedLizards_21
15223,cluster_TexasHornedLizards_255
15224,cluster_TexasHornedLizards_256
15225,cluster_TexasHornedLizards_88
15226,cluster_TexasHornedLizards_211
15227,cluster_TexasHornedLizards_286
15228,cluster_TexasHornedLizards_35
15229,cluster_TexasHornedLizards_208
15230,cluster_TexasHornedLizards_218
15231,cluster_TexasHornedLizards_228
15232,cluster_TexasHornedLizards_172
15233,cluster_TexasHornedLizards_167
15234,cluster_TexasHornedLizards_169
15235,cluster_TexasHornedLizards_126
15236,cluster_TexasHornedLizards_156
15237,cluster_TexasHornedLizards_190
15238,cluster_TexasHornedLizards_212
15239,cluster_TexasHornedLizards_234
15240,cluster_TexasHornedLizards_109
15241,cluster_TexasHornedLizards_243
15242,cluster_TexasHornedLizards_257
15243,cluster_TexasHornedLizards_148
15244,cluster_TexasHornedLizards_28
15245,cluster_TexasHornedLizards_64
15246,cluster_TexasHornedLizards_258
15247,cluster_TexasHornedLizards_181
15248,cluster_TexasHornedLizards_2
15249,cluster_TexasHornedLizards_162
15250,cluster_TexasHornedLizards_49
15251,cluster_TexasHornedLizards_259
15252,cluster_TexasHornedLizards_86
15253,cluster_TexasHornedLizards_249
15254,cluster_TexasHornedLizards_240
15255,cluster_TexasHornedLizards_44
15256,cluster_TexasHornedLizards_244
15257,cluster_TexasHornedLizards_245
15258,cluster_TexasHornedLizards_110
15259,cluster_TexasHornedLizards_246
15260,cluster_TexasHornedLizards_6
15261,cluster_TexasHornedLizards_87
15262,cluster_TexasHornedLizards_90
15263,cluster_TexasHornedLizards_242
15264,cluster_TexasHornedLizards_180
15265,cluster_TexasHornedLizards_163
15266,cluster_TexasHornedLizards_160
15267,cluster_TexasHornedLizards_235
15268,cluster_TexasHornedLizards_260
15269,cluster_TexasHornedLizards_104
15270,cluster_TexasHornedLizards_280
15271,cluster_TexasHornedLizards_95
15272,cluster_TexasHornedLizards_187
15273,cluster_TexasHornedLizards_225
15274,cluster_TexasHornedLizards_34
15275,cluster_TexasHornedLizards_121
15276,cluster_TexasHornedLizards_55
15277,cluster_TexasHornedLizards_134
15278,cluster_TexasHornedLizards_188
15279,cluster_TexasHornedLizards_67
15280,cluster_TexasHornedLizards_261
15281,cluster_TexasHornedLizards_250
15282,cluster_TexasHornedLizards_203
15283,cluster_TexasHornedLizards_97
15284,cluster_TexasHornedLizards_91
15285,cluster_TexasHornedLizards_7
15286,cluster_TexasHornedLizards_262
15287,cluster_TexasHornedLizards_14
15288,cluster_TexasHornedLizards_263
15289,cluster_TexasHornedLizards_264
15290,cluster_TexasHornedLizards_184
15291,cluster_TexasHornedLizards_115
15292,cluster_TexasHornedLizards_233
15293,cluster_TexasHornedLizards_251
15294,cluster_TexasHornedLizards_246
15295,cluster_TexasHornedLizards_77
15296,cluster_TexasHornedLizards_265
15297,cluster_TexasHornedLizards_113
15298,cluster_TexasHornedLizards_165
15299,cluster_TexasHornedLizards_266
15300,cluster_TexasHornedLizards_216
15301,cluster_TexasHornedLizards_247
15302,cluster_TexasHornedLizards_122
15303,cluster_TexasHornedLizards_82
15304,cluster_TexasHornedLizards_267
15305,cluster_TexasHornedLizards_255
15306,cluster_TexasHornedLizards_243
15307,cluster_TexasHornedLizards_118
15308,cluster_TexasHornedLizards_151
15309,cluster_TexasHornedLizards_20
15310,cluster_TexasHornedLizards_62
15311,cluster_TexasHornedLizards_281
15312,cluster_TexasHornedLizards_158
15313,cluster_TexasHornedLizards_252
15314,cluster_TexasHornedLizards_268
15315,cluster_TexasHornedLizards_231
15316,cluster_TexasHornedLizards_73
15317,cluster_TexasHornedLizards_61
15318,cluster_TexasHornedLizards_242
15319,cluster_TexasHornedLizards_17
15320,cluster_TexasHornedLizards_269
15321,cluster_TexasHornedLizards_270
15322,cluster_TexasHornedLizards_271
15323,cluster_TexasHornedLizards_147
15324,cluster_TexasHornedLizards_48
15325,cluster_TexasHornedLizards_265
15326,cluster_TexasHornedLizards_272
15327,cluster_TexasHornedLizards_268
15328,cluster_TexasHornedLizards_16
15329,cluster_TexasHornedLizards_251
15330,cluster_TexasHornedLizards_94
15331,cluster_TexasHornedLizards_192
15332,cluster_TexasHornedLizards_125
15333,cluster_TexasHornedLizards_117
15334,cluster_TexasHornedLizards_273
15335,cluster_TexasHornedLizards_249
15336,cluster_TexasHornedLizards_242
15337,cluster_TexasHornedLizards_274
15338,cluster_TexasHornedLizards_253
15339,cluster_TexasHornedLizards_267
15340,cluster_TexasHornedLizards_111
15341,cluster_TexasHornedLizards_132
15342,cluster_TexasHornedLizards_3
15343,cluster_TexasHornedLizards_259
15344,cluster_TexasHornedLizards_287
15345,cluster_TexasHornedLizards_56
15346,cluster_TexasHornedLizards_243
15347,cluster_TexasHornedLizards_41
15348,cluster_TexasHornedLizards_273
15349,cluster_TexasHornedLizards_247
15350,cluster_TexasHornedLizards_101
15351,cluster_TexasHornedLizards_244
15352,cluster_TexasHornedLizards_263
15353,cluster_TexasHornedLizards_245
15354,cluster_TexasHornedLizards_220
15355,cluster_TexasHornedLizards_290
15356,cluster_TexasHornedLizards_166
15357,cluster_TexasHornedLizards_252
15358,cluster_TexasHornedLizards_283
15359,cluster_TexasHornedLizards_170
15360,cluster_TexasHornedLizards_135
15361,cluster_TexasHornedLizards_221
15362,cluster_TexasHornedLizards_4
15363,cluster_TexasHornedLizards_70
15364,cluster_TexasHornedLizards_245
15365,cluster_TexasHornedLizards_96
15366,cluster_TexasHornedLizards_175
15367,cluster_TexasHornedLizards_247
15368,cluster_TexasHornedLizards_261
15369,cluster_TexasHornedLizards_284
15370,cluster_TexasHornedLizards_50
15371,cluster_TexasHornedLizards_15
15372,cluster_TexasHornedLizards_250
15373,cluster_TexasHornedLizards_159
15374,cluster_TexasHornedLizards_173
15375,cluster_TexasHornedLizards_74
15376,cluster_TexasHornedLizards_58
15377,cluster_TexasHornedLizards_138
15378,cluster_TexasHornedLizards_176
15379,cluster_TexasHornedLizards_248
15380,cluster_TexasHornedLizards_123
15381,cluster_TexasHornedLizards_42
15382,cluster_TexasHornedLizards_139
15383,cluster_TexasHornedLizards_248
15384,cluster_TexasHornedLizards_269
15385,cluster_TexasHornedLizards_38
15386,cluster_TexasHornedLizards_282
15387,cluster_TexasHornedLizards_253
15388,cluster_TexasHornedLizards_164
15389,cluster_TexasHornedLizards_260
15390,cluster_TexasHornedLizards_198
15391,cluster_TexasHornedLizards_13
15392,cluster_TexasHornedLizards_245
15393,cluster_TexasHornedLizards_226
15394,cluster_TexasHornedLizards_178
15395,cluster_TexasHornedLizards_37
15396,cluster_TexasHornedLizards_274
15397,cluster_TexasHornedLizards_146
15398,cluster_TexasHornedLizards_143
15399,cluster_TexasHornedLizards_75
15400,cluster_TexasHornedLizards_52
15401,cluster_TexasHornedLizards_112
15402,cluster_TexasHornedLizards_149
15403,cluster_TexasHornedLizards_79
15404,cluster_TexasHornedLizards_258
15405,cluster_TexasHornedLizards_22
15406,cluster_TexasHornedLizards_100
15407,cluster_TexasHornedLizards_262
15408,cluster_TexasHornedLizards_144
15409,cluster_TexasHornedLizards_275
15410,cluster_TexasHornedLizards_264
15411,cluster_TexasHornedLizards_80
15412,cluster_TexasHornedLizards_0
15413,cluster_TexasHornedLizards_83
15414,cluster_TexasHornedLizards_243
15415,cluster_TexasHornedLizards_150
15416,cluster_TexasHornedLizards_27
15417,cluster_TexasHornedLizards_271
15418,cluster_TexasHornedLizards_8
15419,cluster_TexasHornedLizards_254
15420,cluster_TexasHornedLizards_276
15421,cluster_TexasHornedLizards_251
15422,cluster_TexasHornedLizards_128
15423,cluster_TexasHornedLizards_193
15424,cluster_TexasHornedLizards_89
15425,cluster_TexasHornedLizards_275
15426,cluster_TexasHornedLizards_189
15427,cluster_TexasHornedLizards_137
15428,cluster_TexasHornedLizards_102
15429,cluster_TexasHornedLizards_133
15430,cluster_TexasHornedLizards_63
15431,cluster_TexasHornedLizards_276
15432,cluster_TexasHornedLizards_256
15433,cluster_TexasHornedLizards_210
15434,cluster_TexasHornedLizards_266
15435,cluster_TexasHornedLizards_257
15436,cluster_TexasHornedLizards_244
15437,cluster_TexasHornedLizards_243
15438,cluster_TexasHornedLizards_65
15439,cluster_TexasHornedLizards_248
15440,cluster_TexasHornedLizards_108
15441,cluster_TexasHornedLizards_249
15442,cluster_TexasHornedLizards_242
15443,cluster_TexasHornedLizards_277
15444,cluster_TexasHornedLizards_278
15445,cluster_TexasHornedLizards_246
15446,cluster_TexasHornedLizards_278
15447,cluster_TexasHornedLizards_252
15448,cluster_TexasHornedLizards_18
15449,cluster_TexasHornedLizards_244
15450,cluster_TexasHornedLizards_183
15451,cluster_TexasHornedLizards_243
15452,cluster_TexasHornedLizards_81
15453,cluster_TexasHornedLizards_161
15454,cluster_TexasHornedLizards_285
15455,cluster_TexasHornedLizards_214
15456,cluster_TexasHornedLizards_168
15457,cluster_TexasHornedLizards_174
15458,cluster_TexasHornedLizards_98
15459,cluster_TexasHornedLizards_107
15460,cluster_TexasHornedLizards_179
15461,cluster_TexasHornedLizards_46
15462,cluster_TexasHornedLizards_250
15463,cluster_TexasHornedLizards_1
15464,cluster_TexasHornedLizards_209
15465,cluster_TexasHornedLizards_246
15466,cluster_TexasHornedLizards_5
15467,cluster_TexasHornedLizards_253
15468,cluster_TexasHornedLizards_279
15469,cluster_TexasHornedLizards_236
15470,cluster_TexasHornedLizards_57
15471,cluster_TexasHornedLizards_270
15472,cluster_TexasHornedLizards_185
15473,cluster_TexasHornedLizards_248
15474,cluster_TexasHornedLizards_243
15475,cluster_TexasHornedLizards_242
15476,cluster_TexasHornedLizards_200
15477,cluster_TexasHornedLizards_224
15478,cluster_TexasHornedLizards_279
15479,cluster_TexasHornedLizards_277
15480,cluster_TexasHornedLizards_272
15481,cluster_TexasHornedLizards_247
15482,cluster_TexasHornedLizards_237
